,cname,avgscrread,avgscreng,avgscrmath,avgscrsci,numtsttakr
3,Santa Clara,23.0,22.0,22.0,23.0,53.0
4,Los Angeles,21.0,20.0,23.0,22.0,19.0
5,Los Angeles,15.0,15.0,17.0,16.0,33.0
6,Los Angeles,18.0,18.0,18.0,17.0,16.0
7,Los Angeles,0.0,0.0,0.0,0.0,1.0
8,San Francisco,0.0,0.0,0.0,0.0,9.0
9,San Bernardino,0.0,0.0,0.0,0.0,13.0
10,Los Angeles,0.0,0.0,0.0,0.0,10.0
11,San Bernardino,0.0,0.0,0.0,0.0,5.0
12,Los Angeles,0.0,0.0,0.0,0.0,14.0
13,Los Angeles,29.0,29.0,25.0,25.0,36.0
14,Humboldt,0.0,0.0,0.0,0.0,6.0
15,Contra Costa,0.0,0.0,0.0,0.0,2.0
16,Contra Costa,29.0,29.0,28.0,27.0,99.0
18,Santa Clara,14.0,14.0,15.0,15.0,34.0
19,San Bernardino,19.0,17.0,18.0,18.0,28.0
20,Ventura,23.0,23.0,23.0,22.0,91.0
21,Santa Clara,25.0,24.0,24.0,24.0,138.0
22,Los Angeles,27.0,26.0,25.0,24.0,140.0
23,Los Angeles,14.0,14.0,16.0,15.0,112.0
24,Alameda,0.0,0.0,0.0,0.0,5.0
25,Alameda,28.0,27.0,27.0,26.0,93.0
26,Alameda,0.0,0.0,0.0,0.0,12.0
27,Alameda,28.0,27.0,27.0,26.0,58.0
29,Los Angeles,23.0,23.0,21.0,21.0,139.0
30,Los Angeles,24.0,25.0,24.0,23.0,93.0
31,Contra Costa,25.0,23.0,25.0,23.0,40.0
32,Monterey,18.0,17.0,18.0,18.0,206.0
33,Orange,26.0,27.0,27.0,26.0,286.0
34,Los Angeles,17.0,16.0,17.0,18.0,77.0
35,Los Angeles,15.0,14.0,16.0,16.0,155.0
36,Los Angeles,18.0,20.0,19.0,18.0,70.0
37,Los Angeles,16.0,16.0,18.0,17.0,80.0
38,Los Angeles,0.0,0.0,0.0,0.0,8.0
39,Los Angeles,16.0,16.0,17.0,17.0,162.0
40,Los Angeles,18.0,18.0,18.0,18.0,155.0
41,Los Angeles,19.0,18.0,19.0,19.0,157.0
42,Los Angeles,17.0,16.0,16.0,16.0,139.0
43,Los Angeles,15.0,13.0,16.0,16.0,86.0
44,Los Angeles,15.0,14.0,16.0,16.0,148.0
45,Los Angeles,16.0,14.0,17.0,16.0,164.0
46,Los Angeles,15.0,13.0,15.0,15.0,143.0
47,Los Angeles,16.0,14.0,16.0,16.0,147.0
48,Los Angeles,0.0,0.0,0.0,0.0,14.0
49,Los Angeles,17.0,16.0,18.0,17.0,110.0
50,Los Angeles,15.0,14.0,16.0,16.0,89.0
53,San Bernardino,23.0,22.0,22.0,22.0,56.0
54,Santa Barbara,0.0,0.0,0.0,0.0,8.0
57,Amador,25.0,25.0,25.0,24.0,17.0
58,Alameda,29.0,29.0,28.0,28.0,280.0
61,Napa,23.0,23.0,24.0,24.0,41.0
62,Alameda,29.0,30.0,30.0,29.0,136.0
63,Alameda,0.0,0.0,0.0,0.0,3.0
64,Orange,19.0,18.0,19.0,19.0,66.0
65,Los Angeles,0.0,0.0,0.0,0.0,8.0
66,Sonoma,27.0,27.0,25.0,24.0,33.0
68,Shasta,0.0,0.0,0.0,0.0,6.0
69,Mendocino,0.0,0.0,0.0,0.0,2.0
70,Los Angeles,26.0,27.0,26.0,25.0,21.0
71,Santa Clara,23.0,22.0,23.0,23.0,26.0
72,Solano,25.0,24.0,23.0,24.0,52.0
73,Los Angeles,16.0,17.0,17.0,18.0,35.0
74,Los Angeles,18.0,17.0,18.0,18.0,99.0
75,Los Angeles,17.0,15.0,18.0,17.0,58.0
76,Los Angeles,16.0,15.0,17.0,17.0,127.0
77,Los Angeles,15.0,15.0,17.0,16.0,120.0
78,Los Angeles,0.0,0.0,0.0,0.0,12.0
79,Los Angeles,0.0,0.0,0.0,0.0,12.0
80,Los Angeles,17.0,16.0,17.0,17.0,86.0
81,Los Angeles,19.0,18.0,18.0,17.0,21.0
82,Santa Clara,25.0,24.0,25.0,24.0,83.0
83,Placer,23.0,22.0,22.0,22.0,92.0
84,Los Angeles,21.0,18.0,17.0,19.0,18.0
86,Contra Costa,20.0,18.0,18.0,19.0,50.0
87,San Benito,0.0,0.0,0.0,0.0,5.0
88,Los Angeles,15.0,13.0,15.0,15.0,30.0
89,San Bernardino,22.0,22.0,20.0,21.0,55.0
90,Los Angeles,20.0,18.0,16.0,18.0,26.0
91,Santa Cruz,26.0,25.0,24.0,24.0,65.0
92,San Mateo,28.0,28.0,28.0,26.0,93.0
93,Los Angeles,28.0,29.0,28.0,27.0,192.0
94,Humboldt,28.0,26.0,25.0,25.0,40.0
95,Ventura,0.0,0.0,0.0,0.0,5.0
96,Amador,23.0,21.0,21.0,21.0,20.0
97,Alameda,0.0,0.0,0.0,0.0,4.0
99,Los Angeles,0.0,0.0,0.0,0.0,2.0
100,Riverside,18.0,18.0,19.0,18.0,123.0
101,Solano,23.0,24.0,23.0,23.0,26.0
102,Orange,28.0,29.0,28.0,27.0,225.0
103,San Luis Obispo,23.0,22.0,22.0,22.0,158.0
104,Los Angeles,22.0,21.0,23.0,22.0,29.0
105,Alameda,21.0,22.0,23.0,22.0,32.0
106,San Bernardino,19.0,17.0,18.0,18.0,51.0
107,Los Angeles,19.0,18.0,20.0,19.0,27.0
109,Kern,19.0,18.0,18.0,19.0,71.0
110,San Francisco,29.0,28.0,24.0,25.0,39.0
111,Sacramento,16.0,14.0,17.0,16.0,44.0
112,San Joaquin,21.0,20.0,20.0,20.0,98.0
113,San Mateo,16.0,14.0,18.0,15.0,31.0
114,Alameda,18.0,17.0,17.0,17.0,151.0
115,San Joaquin,17.0,16.0,17.0,17.0,94.0
116,Alameda,15.0,14.0,17.0,15.0,48.0
117,Los Angeles,16.0,16.0,17.0,17.0,133.0
118,Los Angeles,15.0,14.0,16.0,16.0,99.0
119,Contra Costa,17.0,16.0,16.0,17.0,59.0
120,Stanislaus,18.0,18.0,18.0,18.0,23.0
122,San Luis Obispo,0.0,0.0,0.0,0.0,1.0
123,San Luis Obispo,26.0,25.0,25.0,25.0,34.0
124,Merced,19.0,17.0,17.0,19.0,71.0
125,San Diego,0.0,0.0,0.0,0.0,1.0
128,Los Angeles,16.0,15.0,17.0,16.0,26.0
129,Los Angeles,15.0,13.0,15.0,15.0,25.0
130,Los Angeles,0.0,0.0,0.0,0.0,1.0
132,Kings,16.0,14.0,15.0,16.0,112.0
133,Los Angeles,0.0,0.0,0.0,0.0,1.0
134,Los Angeles,17.0,16.0,18.0,19.0,25.0
136,Kern,24.0,21.0,23.0,22.0,47.0
137,San Francisco,20.0,19.0,21.0,20.0,42.0
138,Los Angeles,21.0,19.0,20.0,20.0,114.0
139,Riverside,18.0,17.0,18.0,18.0,51.0
141,San Bernardino,18.0,17.0,19.0,19.0,26.0
142,Los Angeles,23.0,22.0,22.0,22.0,21.0
143,Alameda,0.0,0.0,0.0,0.0,3.0
146,San Joaquin,20.0,20.0,22.0,22.0,50.0
147,Nevada,23.0,22.0,23.0,22.0,22.0
148,Riverside,22.0,20.0,20.0,21.0,48.0
149,Los Angeles,18.0,17.0,17.0,19.0,175.0
150,Los Angeles,18.0,17.0,18.0,18.0,178.0
151,Sacramento,26.0,25.0,26.0,25.0,74.0
152,Los Angeles,0.0,0.0,0.0,0.0,7.0
153,Los Angeles,17.0,15.0,17.0,16.0,31.0
154,Solano,27.0,26.0,25.0,25.0,67.0
155,Los Angeles,18.0,17.0,19.0,18.0,108.0
156,Alameda,26.0,26.0,25.0,25.0,222.0
157,Los Angeles,0.0,0.0,0.0,0.0,1.0
158,Los Angeles,28.0,29.0,27.0,26.0,91.0
159,San Bernardino,0.0,0.0,0.0,0.0,9.0
160,Fresno,0.0,0.0,0.0,0.0,3.0
162,Butte,0.0,0.0,0.0,0.0,5.0
163,Los Angeles,20.0,19.0,20.0,19.0,37.0
164,Inyo,23.0,22.0,22.0,22.0,27.0
166,Los Angeles,23.0,22.0,22.0,22.0,37.0
167,San Bernardino,21.0,21.0,20.0,21.0,17.0
168,Orange,21.0,21.0,21.0,20.0,99.0
169,Los Angeles,23.0,22.0,22.0,22.0,115.0
170,San Diego,24.0,24.0,24.0,24.0,72.0
171,San Diego,0.0,0.0,0.0,0.0,5.0
174,Los Angeles,0.0,0.0,0.0,0.0,2.0
175,Los Angeles,0.0,0.0,0.0,0.0,1.0
176,Santa Clara,28.0,28.0,27.0,26.0,67.0
177,Imperial,19.0,18.0,18.0,18.0,115.0
178,Orange,26.0,26.0,26.0,26.0,121.0
179,Calaveras,0.0,0.0,0.0,0.0,12.0
180,Los Angeles,18.0,17.0,17.0,19.0,45.0
181,Contra Costa,0.0,0.0,0.0,0.0,2.0
182,Fresno,26.0,24.0,24.0,25.0,125.0
183,Ventura,23.0,22.0,22.0,22.0,55.0
184,Orange,22.0,20.0,21.0,22.0,35.0
185,Merced,21.0,19.0,19.0,20.0,64.0
186,Fresno,21.0,20.0,22.0,21.0,24.0
187,Los Angeles,25.0,25.0,25.0,24.0,94.0
188,Los Angeles,0.0,0.0,0.0,0.0,1.0
189,San Mateo,27.0,27.0,27.0,26.0,131.0
190,Shasta,0.0,0.0,0.0,0.0,9.0
191,Kern,27.0,26.0,27.0,26.0,15.0
192,Los Angeles,26.0,26.0,24.0,24.0,81.0
193,San Francisco,20.0,20.0,21.0,20.0,50.0
196,Sacramento,27.0,25.0,23.0,24.0,74.0
197,Santa Barbara,26.0,24.0,24.0,25.0,27.0
198,Los Angeles,18.0,17.0,18.0,17.0,52.0
199,San Bernardino,21.0,19.0,19.0,20.0,100.0
200,Los Angeles,27.0,28.0,25.0,25.0,182.0
201,Calaveras,25.0,22.0,24.0,23.0,19.0
203,Santa Clara,0.0,0.0,0.0,0.0,2.0
204,Imperial,20.0,19.0,21.0,20.0,90.0
205,Los Angeles,26.0,27.0,27.0,25.0,65.0
207,Kern,0.0,0.0,0.0,0.0,4.0
209,San Joaquin,0.0,0.0,0.0,0.0,9.0
210,Orange,25.0,25.0,23.0,24.0,30.0
211,Tulare,0.0,0.0,0.0,0.0,1.0
213,Contra Costa,27.0,26.0,26.0,26.0,203.0
214,Los Angeles,21.0,20.0,20.0,20.0,58.0
215,Riverside,0.0,0.0,0.0,0.0,8.0
216,San Diego,0.0,0.0,0.0,0.0,1.0
218,Orange,0.0,0.0,0.0,0.0,3.0
219,Alameda,16.0,13.0,15.0,17.0,21.0
220,Riverside,16.0,14.0,15.0,16.0,26.0
221,Los Angeles,27.0,27.0,24.0,24.0,27.0
222,San Bernardino,0.0,0.0,0.0,0.0,1.0
225,Los Angeles,0.0,0.0,0.0,0.0,9.0
226,San Diego,0.0,0.0,0.0,0.0,3.0
227,San Joaquin,0.0,0.0,0.0,0.0,3.0
228,Sonoma,0.0,0.0,0.0,0.0,4.0
230,Kings,0.0,0.0,0.0,0.0,1.0
232,Sutter,0.0,0.0,0.0,0.0,1.0
233,San Mateo,0.0,0.0,0.0,0.0,4.0
234,Imperial,20.0,21.0,19.0,20.0,19.0
235,Napa,0.0,0.0,0.0,0.0,13.0
236,Los Angeles,17.0,16.0,15.0,15.0,34.0
237,Los Angeles,16.0,15.0,16.0,15.0,82.0
238,San Diego,0.0,0.0,0.0,0.0,1.0
239,Contra Costa,30.0,30.0,28.0,28.0,161.0
240,Los Angeles,19.0,18.0,18.0,18.0,32.0
241,San Diego,30.0,31.0,30.0,29.0,409.0
242,Orange,25.0,25.0,24.0,24.0,119.0
243,Los Angeles,23.0,23.0,22.0,22.0,65.0
244,Riverside,22.0,21.0,21.0,19.0,31.0
245,Orange,26.0,27.0,26.0,25.0,151.0
247,San Mateo,20.0,20.0,20.0,20.0,52.0
248,San Mateo,27.0,26.0,27.0,26.0,173.0
249,San Diego,24.0,24.0,24.0,23.0,154.0
250,San Diego,0.0,0.0,0.0,0.0,1.0
251,Monterey,26.0,26.0,25.0,25.0,121.0
252,Santa Barbara,22.0,19.0,22.0,22.0,39.0
253,Los Angeles,20.0,20.0,20.0,19.0,26.0
254,Fresno,0.0,0.0,0.0,0.0,3.0
255,Fresno,0.0,0.0,0.0,0.0,8.0
256,Sonoma,24.0,24.0,24.0,23.0,55.0
257,Sacramento,22.0,20.0,21.0,22.0,19.0
258,San Diego,21.0,20.0,21.0,20.0,23.0
260,Alameda,0.0,0.0,0.0,0.0,1.0
261,Alameda,26.0,25.0,25.0,25.0,106.0
262,Los Angeles,0.0,0.0,0.0,0.0,14.0
263,Riverside,21.0,20.0,19.0,20.0,31.0
264,Santa Cruz,0.0,0.0,0.0,0.0,2.0
265,Riverside,21.0,21.0,22.0,21.0,163.0
266,Los Angeles,14.0,13.0,15.0,15.0,153.0
267,Kern,22.0,21.0,23.0,22.0,51.0
268,Sacramento,0.0,0.0,0.0,0.0,14.0
270,Los Angeles,21.0,21.0,19.0,20.0,15.0
271,San Luis Obispo,0.0,0.0,0.0,0.0,13.0
272,Fresno,22.0,21.0,20.0,22.0,37.0
274,Imperial,21.0,20.0,21.0,21.0,56.0
275,Stanislaus,0.0,0.0,0.0,0.0,9.0
276,Shasta,0.0,0.0,0.0,0.0,3.0
277,Ventura,0.0,0.0,0.0,0.0,2.0
278,Orange,19.0,18.0,18.0,18.0,39.0
279,Stanislaus,19.0,17.0,18.0,19.0,23.0
280,Los Angeles,27.0,28.0,28.0,26.0,93.0
281,San Joaquin,19.0,19.0,18.0,18.0,22.0
282,Kern,22.0,21.0,22.0,21.0,30.0
283,Los Angeles,18.0,16.0,18.0,17.0,28.0
284,Los Angeles,17.0,16.0,17.0,17.0,39.0
285,Los Angeles,0.0,0.0,0.0,0.0,2.0
286,Los Angeles,0.0,0.0,0.0,0.0,2.0
287,San Bernardino,0.0,0.0,0.0,0.0,6.0
288,San Bernardino,21.0,20.0,20.0,20.0,31.0
289,Los Angeles,22.0,22.0,18.0,20.0,52.0
290,Ventura,19.0,18.0,18.0,18.0,74.0
291,Riverside,23.0,21.0,21.0,22.0,178.0
292,San Bernardino,0.0,0.0,0.0,0.0,1.0
293,El Dorado,0.0,0.0,0.0,0.0,2.0
294,Los Angeles,22.0,21.0,22.0,22.0,38.0
295,San Diego,0.0,0.0,0.0,0.0,7.0
296,Los Angeles,21.0,20.0,21.0,20.0,19.0
297,Madera,0.0,0.0,0.0,0.0,1.0
298,Fresno,0.0,0.0,0.0,0.0,1.0
299,Plumas,0.0,0.0,0.0,0.0,3.0
300,Los Angeles,0.0,0.0,0.0,0.0,1.0
301,Butte,25.0,23.0,24.0,24.0,46.0
302,San Bernardino,22.0,21.0,20.0,22.0,16.0
303,San Bernardino,25.0,24.0,24.0,23.0,79.0
304,Madera,21.0,20.0,20.0,21.0,18.0
305,Santa Clara,23.0,22.0,23.0,22.0,100.0
306,San Diego,0.0,0.0,0.0,0.0,11.0
307,San Diego,20.0,20.0,19.0,20.0,83.0
308,Alameda,0.0,0.0,0.0,0.0,4.0
309,Los Angeles,0.0,0.0,0.0,0.0,1.0
310,San Bernardino,12.0,10.0,14.0,12.0,103.0
311,Riverside,0.0,0.0,0.0,0.0,4.0
312,San Bernardino,24.0,23.0,23.0,23.0,33.0
313,San Francisco,0.0,0.0,0.0,0.0,7.0
314,San Diego,0.0,0.0,0.0,0.0,1.0
315,Los Angeles,19.0,18.0,18.0,18.0,17.0
316,Los Angeles,0.0,0.0,0.0,0.0,2.0
318,San Diego,25.0,25.0,24.0,24.0,27.0
319,Los Angeles,25.0,24.0,24.0,24.0,139.0
321,San Diego,27.0,27.0,27.0,26.0,69.0
322,Contra Costa,25.0,24.0,23.0,24.0,130.0
323,Lake,0.0,0.0,0.0,0.0,2.0
324,Sonoma,0.0,0.0,0.0,0.0,5.0
325,Fresno,22.0,21.0,22.0,23.0,55.0
326,Fresno,24.0,22.0,22.0,22.0,88.0
327,Fresno,27.0,27.0,27.0,27.0,124.0
328,Fresno,0.0,0.0,0.0,0.0,3.0
329,Fresno,23.0,24.0,24.0,23.0,84.0
330,Riverside,18.0,16.0,19.0,18.0,88.0
331,Fresno,0.0,0.0,0.0,0.0,4.0
332,Orange,0.0,0.0,0.0,0.0,1.0
333,San Luis Obispo,0.0,0.0,0.0,0.0,6.0
334,San Diego,0.0,0.0,0.0,0.0,1.0
335,San Bernardino,20.0,18.0,19.0,19.0,19.0
336,Placer,0.0,0.0,0.0,0.0,1.0
337,Mono,0.0,0.0,0.0,0.0,1.0
338,Placer,24.0,22.0,22.0,22.0,31.0
339,Alameda,0.0,0.0,0.0,0.0,9.0
342,Contra Costa,25.0,24.0,24.0,23.0,70.0
344,San Bernardino,20.0,20.0,20.0,20.0,55.0
345,San Bernardino,18.0,17.0,19.0,18.0,71.0
347,Colusa,0.0,0.0,0.0,0.0,5.0
350,Los Angeles,15.0,14.0,17.0,15.0,33.0
354,Fresno,0.0,0.0,0.0,0.0,1.0
355,Los Angeles,0.0,0.0,0.0,0.0,1.0
356,San Diego,0.0,0.0,0.0,0.0,1.0
357,Los Angeles,20.0,18.0,19.0,19.0,64.0
358,Los Angeles,15.0,13.0,16.0,15.0,274.0
359,Contra Costa,25.0,24.0,24.0,23.0,24.0
360,Ventura,0.0,0.0,0.0,0.0,3.0
361,Stanislaus,0.0,0.0,0.0,0.0,5.0
363,Alameda,0.0,0.0,0.0,0.0,1.0
364,Contra Costa,0.0,0.0,0.0,0.0,3.0
365,Los Angeles,14.0,13.0,16.0,15.0,58.0
366,Los Angeles,0.0,0.0,0.0,0.0,6.0
367,Los Angeles,16.0,14.0,16.0,15.0,40.0
368,Kings,18.0,17.0,18.0,19.0,40.0
369,Sacramento,23.0,23.0,22.0,21.0,23.0
370,Butte,0.0,0.0,0.0,0.0,10.0
371,Yuba,0.0,0.0,0.0,0.0,4.0
372,Placer,0.0,0.0,0.0,0.0,2.0
373,Tehama,18.0,18.0,18.0,17.0,113.0
374,Orange,27.0,28.0,26.0,26.0,300.0
375,Riverside,19.0,18.0,19.0,19.0,108.0
376,San Diego,26.0,25.0,25.0,25.0,128.0
378,Orange,24.0,23.0,21.0,22.0,30.0
379,Sacramento,24.0,23.0,23.0,23.0,143.0
381,Los Angeles,0.0,0.0,0.0,0.0,9.0
382,San Diego,19.0,18.0,18.0,19.0,37.0
384,Sonoma,0.0,0.0,0.0,0.0,11.0
385,Los Angeles,16.0,14.0,16.0,15.0,33.0
388,Fresno,0.0,0.0,0.0,0.0,5.0
389,Los Angeles,27.0,27.0,26.0,26.0,143.0
394,Los Angeles,24.0,24.0,22.0,23.0,147.0
395,Los Angeles,0.0,0.0,0.0,0.0,1.0
396,Santa Clara,29.0,30.0,30.0,29.0,209.0
398,Orange,26.0,25.0,26.0,25.0,105.0
399,Yolo,0.0,0.0,0.0,0.0,11.0
400,Los Angeles,17.0,16.0,17.0,17.0,44.0
401,Los Angeles,19.0,20.0,18.0,18.0,33.0
403,Los Angeles,25.0,24.0,22.0,23.0,43.0
404,Orange,27.0,27.0,26.0,26.0,213.0
405,Los Angeles,24.0,24.0,22.0,22.0,23.0
406,Los Angeles,18.0,16.0,17.0,18.0,16.0
407,Yolo,0.0,0.0,0.0,0.0,1.0
408,Yolo,28.0,28.0,28.0,27.0,144.0
409,Contra Costa,20.0,19.0,18.0,19.0,55.0
411,Contra Costa,23.0,21.0,22.0,21.0,47.0
412,San Diego,0.0,0.0,0.0,0.0,2.0
413,Sacramento,22.0,22.0,21.0,20.0,36.0
414,San Diego,22.0,21.0,21.0,22.0,65.0
415,Santa Clara,21.0,20.0,19.0,21.0,67.0
416,Del Norte,0.0,0.0,0.0,0.0,5.0
417,San Diego,28.0,28.0,27.0,27.0,211.0
418,Placer,25.0,24.0,24.0,24.0,110.0
419,Kern,18.0,17.0,19.0,18.0,110.0
420,Merced,18.0,17.0,17.0,18.0,68.0
421,Santa Cruz,0.0,0.0,0.0,0.0,1.0
422,San Joaquin,0.0,0.0,0.0,0.0,3.0
424,Sacramento,0.0,0.0,0.0,0.0,5.0
427,Stanislaus,0.0,0.0,0.0,0.0,3.0
428,Riverside,17.0,16.0,16.0,18.0,46.0
429,Kern,0.0,0.0,0.0,0.0,8.0
431,Riverside,17.0,16.0,17.0,17.0,97.0
432,Los Angeles,0.0,0.0,0.0,0.0,2.0
433,Fresno,21.0,20.0,21.0,20.0,58.0
434,San Mateo,29.0,29.0,26.0,28.0,33.0
435,Los Angeles,28.0,28.0,29.0,27.0,188.0
436,Los Angeles,23.0,22.0,21.0,22.0,82.0
437,Santa Cruz,0.0,0.0,0.0,0.0,7.0
439,Los Angeles,0.0,0.0,0.0,0.0,6.0
442,Tulare,18.0,16.0,17.0,19.0,96.0
443,Los Angeles,0.0,0.0,0.0,0.0,11.0
444,Sacramento,0.0,0.0,0.0,0.0,6.0
445,Solano,21.0,20.0,21.0,20.0,67.0
446,Los Angeles,15.0,14.0,16.0,15.0,268.0
447,San Bernardino,21.0,22.0,21.0,21.0,22.0
449,Merced,0.0,0.0,0.0,0.0,2.0
450,Santa Barbara,25.0,25.0,25.0,24.0,155.0
451,Contra Costa,30.0,30.0,30.0,29.0,294.0
452,Los Angeles,23.0,22.0,22.0,22.0,87.0
453,Los Angeles,22.0,21.0,22.0,22.0,102.0
454,Santa Clara,17.0,16.0,17.0,17.0,38.0
455,Santa Clara,16.0,15.0,16.0,17.0,57.0
456,Contra Costa,23.0,21.0,21.0,21.0,19.0
457,Los Angeles,17.0,15.0,16.0,16.0,27.0
458,Los Angeles,25.0,25.0,23.0,22.0,24.0
459,Santa Clara,0.0,0.0,0.0,0.0,11.0
460,Los Angeles,20.0,20.0,18.0,19.0,28.0
461,Alameda,28.0,28.0,28.0,27.0,216.0
464,Butte,0.0,0.0,0.0,0.0,3.0
465,San Diego,0.0,0.0,0.0,0.0,4.0
466,Los Angeles,25.0,25.0,23.0,23.0,38.0
468,Orange,24.0,24.0,23.0,23.0,38.0
469,Kern,19.0,17.0,18.0,18.0,34.0
470,Alameda,0.0,0.0,0.0,0.0,1.0
471,Los Angeles,17.0,16.0,16.0,18.0,23.0
472,Sutter,0.0,0.0,0.0,0.0,9.0
473,San Mateo,0.0,0.0,0.0,0.0,2.0
474,San Joaquin,21.0,20.0,22.0,20.0,29.0
475,Los Angeles,16.0,15.0,16.0,17.0,15.0
476,San Diego,0.0,0.0,0.0,0.0,7.0
477,San Diego,24.0,23.0,23.0,23.0,111.0
478,Los Angeles,19.0,18.0,16.0,18.0,45.0
480,Los Angeles,0.0,0.0,0.0,0.0,8.0
481,Orange,25.0,25.0,24.0,25.0,125.0
482,San Joaquin,19.0,17.0,18.0,18.0,25.0
483,Fresno,23.0,21.0,21.0,21.0,67.0
484,Los Angeles,19.0,19.0,18.0,19.0,85.0
485,Los Angeles,20.0,20.0,20.0,20.0,148.0
486,Los Angeles,0.0,0.0,0.0,0.0,1.0
487,El Dorado,0.0,0.0,0.0,0.0,1.0
488,San Joaquin,0.0,0.0,0.0,0.0,5.0
489,Los Angeles,18.0,17.0,18.0,19.0,20.0
490,San Bernardino,18.0,16.0,18.0,18.0,63.0
491,San Diego,19.0,18.0,20.0,20.0,94.0
492,Sacramento,25.0,23.0,24.0,24.0,46.0
493,Ventura,0.0,0.0,0.0,0.0,9.0
494,San Mateo,24.0,24.0,24.0,22.0,21.0
495,San Diego,20.0,20.0,21.0,21.0,125.0
496,Los Angeles,25.0,26.0,25.0,24.0,122.0
497,Orange,0.0,0.0,0.0,0.0,1.0
498,San Diego,22.0,21.0,20.0,21.0,56.0
499,Merced,20.0,18.0,19.0,19.0,96.0
500,Contra Costa,24.0,23.0,23.0,23.0,48.0
501,Tulare,20.0,20.0,21.0,21.0,49.0
502,El Dorado,23.0,21.0,21.0,21.0,48.0
503,Orange,25.0,24.0,25.0,24.0,71.0
504,Orange,24.0,24.0,24.0,23.0,42.0
505,Sonoma,24.0,22.0,22.0,23.0,22.0
506,Los Angeles,19.0,18.0,20.0,19.0,114.0
507,Monterey,0.0,0.0,0.0,0.0,1.0
508,Los Angeles,19.0,18.0,19.0,19.0,218.0
509,Los Angeles,25.0,25.0,24.0,24.0,109.0
511,Orange,23.0,23.0,23.0,23.0,113.0
512,Tulare,0.0,0.0,0.0,0.0,1.0
513,Riverside,23.0,21.0,22.0,22.0,190.0
514,Solano,0.0,0.0,0.0,0.0,9.0
517,Los Angeles,0.0,0.0,0.0,0.0,5.0
519,Sacramento,24.0,22.0,23.0,22.0,97.0
521,Sonoma,0.0,0.0,0.0,0.0,13.0
522,Riverside,0.0,0.0,0.0,0.0,14.0
527,Sacramento,0.0,0.0,0.0,0.0,7.0
528,Alameda,26.0,26.0,25.0,24.0,44.0
530,San Bernardino,20.0,18.0,17.0,17.0,37.0
532,Los Angeles,0.0,0.0,0.0,0.0,2.0
534,Shasta,0.0,0.0,0.0,0.0,10.0
535,Los Angeles,17.0,17.0,18.0,17.0,96.0
539,San Bernardino,13.0,11.0,14.0,13.0,113.0
540,Fresno,0.0,0.0,0.0,0.0,2.0
542,Santa Barbara,21.0,20.0,22.0,21.0,58.0
543,Los Angeles,24.0,24.0,22.0,23.0,24.0
544,San Joaquin,21.0,19.0,21.0,22.0,16.0
545,San Diego,24.0,23.0,25.0,24.0,27.0
546,San Diego,19.0,17.0,18.0,19.0,137.0
549,Orange,24.0,23.0,23.0,23.0,83.0
550,Orange,20.0,20.0,19.0,20.0,22.0
551,Los Angeles,15.0,14.0,16.0,16.0,27.0
552,San Bernardino,21.0,21.0,22.0,22.0,84.0
553,Siskiyou,20.0,20.0,21.0,21.0,27.0
554,Los Angeles,0.0,0.0,0.0,0.0,11.0
555,Humboldt,24.0,22.0,23.0,22.0,23.0
556,San Mateo,19.0,17.0,18.0,19.0,51.0
557,Monterey,19.0,18.0,18.0,18.0,122.0
558,Santa Clara,29.0,29.0,29.0,28.0,122.0
559,San Bernardino,0.0,0.0,0.0,0.0,13.0
561,Tulare,25.0,23.0,20.0,23.0,18.0
562,Los Angeles,21.0,21.0,21.0,20.0,36.0
563,Solano,0.0,0.0,0.0,0.0,12.0
564,Shasta,0.0,0.0,0.0,0.0,12.0
565,San Diego,23.0,22.0,22.0,21.0,40.0
566,Los Angeles,0.0,0.0,0.0,0.0,1.0
567,Santa Barbara,0.0,0.0,0.0,0.0,2.0
568,Tulare,18.0,16.0,17.0,17.0,46.0
569,Los Angeles,0.0,0.0,0.0,0.0,13.0
570,Humboldt,0.0,0.0,0.0,0.0,2.0
571,Ventura,24.0,23.0,23.0,23.0,29.0
572,Fresno,16.0,15.0,16.0,17.0,31.0
574,Sacramento,19.0,18.0,20.0,19.0,94.0
575,Sacramento,27.0,27.0,27.0,26.0,127.0
576,San Bernardino,16.0,14.0,17.0,16.0,447.0
577,San Bernardino,15.0,13.0,16.0,16.0,496.0
578,Alameda,28.0,28.0,28.0,27.0,196.0
579,Kern,20.0,18.0,21.0,19.0,15.0
580,Shasta,26.0,23.0,23.0,23.0,29.0
581,Orange,26.0,26.0,25.0,24.0,155.0
582,Sacramento,0.0,0.0,0.0,0.0,10.0
583,Ventura,24.0,23.0,22.0,23.0,61.0
585,Nevada,0.0,0.0,0.0,0.0,13.0
586,Placer,0.0,0.0,0.0,0.0,8.0
587,Mendocino,25.0,24.0,22.0,23.0,24.0
588,Humboldt,23.0,21.0,22.0,22.0,18.0
589,Los Angeles,19.0,18.0,19.0,18.0,56.0
590,Orange,27.0,26.0,26.0,26.0,102.0
591,Fresno,0.0,0.0,0.0,0.0,10.0
592,Los Angeles,21.0,20.0,21.0,20.0,101.0
593,San Joaquin,20.0,19.0,20.0,20.0,57.0
594,Sacramento,26.0,25.0,25.0,23.0,69.0
596,Stanislaus,25.0,25.0,24.0,24.0,63.0
597,Contra Costa,22.0,21.0,20.0,21.0,89.0
598,Los Angeles,19.0,17.0,18.0,18.0,19.0
599,Alameda,14.0,14.0,15.0,14.0,26.0
600,Santa Clara,27.0,27.0,27.0,26.0,82.0
601,Fresno,17.0,16.0,17.0,17.0,110.0
602,Kern,25.0,23.0,24.0,22.0,50.0
603,Orange,24.0,24.0,23.0,23.0,59.0
608,Los Angeles,28.0,28.0,26.0,26.0,69.0
609,Los Angeles,21.0,21.0,22.0,22.0,41.0
610,San Francisco,21.0,20.0,23.0,21.0,95.0
611,Sacramento,19.0,16.0,19.0,19.0,26.0
612,Los Angeles,17.0,16.0,17.0,17.0,67.0
613,Orange,24.0,24.0,22.0,23.0,77.0
614,Los Angeles,18.0,17.0,17.0,17.0,24.0
615,Los Angeles,17.0,17.0,18.0,18.0,23.0
617,San Francisco,21.0,20.0,19.0,19.0,39.0
620,Sacramento,0.0,0.0,0.0,0.0,1.0
621,Los Angeles,0.0,0.0,0.0,0.0,4.0
622,Sonoma,0.0,0.0,0.0,0.0,1.0
623,Santa Clara,22.0,20.0,22.0,21.0,36.0
624,Madera,0.0,0.0,0.0,0.0,4.0
625,Los Angeles,21.0,21.0,21.0,22.0,24.0
626,Los Angeles,25.0,23.0,24.0,24.0,28.0
627,Los Angeles,23.0,22.0,23.0,23.0,42.0
628,Los Angeles,25.0,23.0,24.0,23.0,79.0
630,Siskiyou,0.0,0.0,0.0,0.0,1.0
631,El Dorado,0.0,0.0,0.0,0.0,6.0
632,Ventura,0.0,0.0,0.0,0.0,1.0
633,Kern,21.0,18.0,19.0,20.0,22.0
634,Merced,18.0,16.0,18.0,18.0,45.0
635,Los Angeles,25.0,23.0,21.0,23.0,53.0
636,Tulare,21.0,19.0,20.0,21.0,38.0
637,San Diego,16.0,15.0,17.0,16.0,114.0
638,Monterey,17.0,17.0,17.0,17.0,63.0
640,Los Angeles,0.0,0.0,0.0,0.0,10.0
642,Stanislaus,0.0,0.0,0.0,0.0,11.0
643,Alameda,27.0,26.0,26.0,25.0,147.0
644,Los Angeles,25.0,25.0,24.0,24.0,204.0
645,San Bernardino,21.0,21.0,20.0,21.0,38.0
646,Placer,26.0,26.0,26.0,25.0,201.0
647,San Bernardino,0.0,0.0,0.0,0.0,14.0
648,San Diego,22.0,20.0,22.0,21.0,97.0
649,Tulare,17.0,16.0,17.0,18.0,41.0
650,Sacramento,20.0,18.0,18.0,18.0,49.0
651,Riverside,24.0,24.0,23.0,23.0,214.0
652,Monterey,17.0,15.0,16.0,16.0,53.0
653,Butte,22.0,22.0,24.0,22.0,15.0
655,San Diego,23.0,22.0,23.0,22.0,87.0
656,San Diego,0.0,0.0,0.0,0.0,12.0
658,San Bernardino,0.0,0.0,0.0,0.0,3.0
659,Los Angeles,26.0,26.0,24.0,24.0,110.0
661,San Diego,27.0,26.0,26.0,26.0,16.0
662,Santa Clara,24.0,22.0,23.0,22.0,17.0
663,Merced,20.0,19.0,17.0,19.0,28.0
664,San Mateo,27.0,26.0,25.0,25.0,65.0
665,Fresno,0.0,0.0,0.0,0.0,1.0
666,Glenn,18.0,18.0,18.0,19.0,30.0
667,Riverside,0.0,0.0,0.0,0.0,3.0
668,Kings,21.0,21.0,20.0,21.0,18.0
669,Kings,21.0,20.0,19.0,20.0,17.0
670,Siskiyou,0.0,0.0,0.0,0.0,13.0
671,Santa Cruz,20.0,19.0,21.0,20.0,45.0
672,Tulare,22.0,21.0,22.0,22.0,38.0
674,Stanislaus,0.0,0.0,0.0,0.0,6.0
675,Los Angeles,18.0,17.0,17.0,17.0,124.0
676,Los Angeles,20.0,20.0,21.0,19.0,112.0
677,Alameda,21.0,20.0,20.0,20.0,37.0
678,Sonoma,24.0,25.0,22.0,22.0,36.0
679,San Joaquin,18.0,17.0,18.0,18.0,41.0
680,San Diego,0.0,0.0,0.0,0.0,1.0
683,Orange,21.0,18.0,20.0,20.0,72.0
684,Los Angeles,15.0,14.0,16.0,15.0,34.0
686,San Diego,22.0,21.0,22.0,21.0,239.0
687,Riverside,25.0,22.0,21.0,20.0,18.0
688,San Diego,24.0,24.0,25.0,24.0,138.0
689,San Bernardino,16.0,14.0,16.0,16.0,467.0
690,Santa Clara,29.0,29.0,29.0,28.0,223.0
691,Fresno,17.0,15.0,17.0,17.0,31.0
692,Los Angeles,0.0,0.0,0.0,0.0,11.0
693,Contra Costa,23.0,25.0,22.0,23.0,20.0
694,Riverside,19.0,18.0,18.0,19.0,150.0
695,Contra Costa,26.0,25.0,24.0,25.0,112.0
698,San Bernardino,20.0,18.0,18.0,18.0,40.0
700,San Diego,25.0,23.0,22.0,23.0,25.0
701,San Diego,22.0,19.0,19.0,19.0,16.0
702,San Diego,22.0,21.0,20.0,19.0,22.0
703,San Diego,21.0,21.0,19.0,20.0,38.0
704,San Diego,23.0,22.0,20.0,22.0,24.0
705,Los Angeles,20.0,21.0,21.0,20.0,15.0
706,Kern,22.0,19.0,20.0,20.0,22.0
707,Los Angeles,22.0,21.0,19.0,20.0,25.0
709,Sacramento,0.0,0.0,0.0,0.0,3.0
710,Los Angeles,17.0,16.0,18.0,18.0,20.0
711,Riverside,22.0,22.0,22.0,21.0,17.0
712,San Mateo,26.0,25.0,25.0,25.0,65.0
713,San Diego,21.0,20.0,20.0,21.0,73.0
714,Merced,22.0,20.0,20.0,20.0,26.0
715,Sacramento,15.0,15.0,18.0,17.0,28.0
716,Los Angeles,20.0,20.0,19.0,20.0,48.0
717,Imperial,20.0,18.0,20.0,19.0,29.0
718,Santa Clara,30.0,30.0,30.0,29.0,197.0
721,San Diego,18.0,17.0,18.0,18.0,206.0
722,Riverside,0.0,0.0,0.0,0.0,1.0
723,Placer,0.0,0.0,0.0,0.0,7.0
724,Contra Costa,0.0,0.0,0.0,0.0,1.0
725,Ventura,21.0,19.0,20.0,19.0,30.0
726,Stanislaus,0.0,0.0,0.0,0.0,12.0
728,Los Angeles,0.0,0.0,0.0,0.0,8.0
729,San Joaquin,0.0,0.0,0.0,0.0,2.0
730,Orange,25.0,24.0,24.0,23.0,205.0
731,Los Angeles,16.0,16.0,17.0,17.0,44.0
732,Los Angeles,18.0,17.0,16.0,16.0,21.0
734,San Diego,0.0,0.0,0.0,0.0,5.0
736,Alameda,18.0,18.0,19.0,18.0,23.0
737,Imperial,23.0,22.0,21.0,22.0,65.0
739,San Joaquin,0.0,0.0,0.0,0.0,2.0
741,Santa Clara,21.0,20.0,21.0,21.0,86.0
743,San Francisco,0.0,0.0,0.0,0.0,2.0
744,Contra Costa,0.0,0.0,0.0,0.0,1.0
745,Kern,20.0,20.0,19.0,20.0,41.0
746,Placer,0.0,0.0,0.0,0.0,2.0
749,Alameda,0.0,0.0,0.0,0.0,1.0
750,Sacramento,18.0,16.0,18.0,17.0,463.0
751,San Bernardino,17.0,16.0,17.0,17.0,110.0
752,Riverside,18.0,17.0,17.0,18.0,45.0
754,Los Angeles,16.0,16.0,16.0,16.0,60.0
759,Fresno,0.0,0.0,0.0,0.0,3.0
761,Sutter,0.0,0.0,0.0,0.0,9.0
762,San Diego,0.0,0.0,0.0,0.0,14.0
763,Butte,0.0,0.0,0.0,0.0,7.0
764,Los Angeles,26.0,25.0,23.0,23.0,54.0
765,Los Angeles,19.0,18.0,18.0,18.0,36.0
768,Orange,28.0,29.0,29.0,28.0,139.0
769,Alameda,30.0,31.0,30.0,29.0,111.0
770,Los Angeles,0.0,0.0,0.0,0.0,2.0
773,Los Angeles,18.0,17.0,19.0,17.0,269.0
774,Stanislaus,23.0,22.0,22.0,22.0,88.0
775,Santa Clara,0.0,0.0,0.0,0.0,7.0
776,Alameda,24.0,23.0,24.0,24.0,132.0
777,Los Angeles,20.0,19.0,20.0,19.0,51.0
778,San Mateo,19.0,20.0,19.0,19.0,19.0
779,Solano,20.0,18.0,18.0,19.0,44.0
780,Los Angeles,25.0,25.0,26.0,25.0,51.0
781,Placer,0.0,0.0,0.0,0.0,12.0
782,Los Angeles,0.0,0.0,0.0,0.0,11.0
783,San Joaquin,24.0,22.0,23.0,23.0,25.0
784,Sacramento,24.0,22.0,24.0,23.0,70.0
785,Riverside,22.0,22.0,20.0,21.0,59.0
786,Alameda,26.0,25.0,25.0,24.0,38.0
787,Contra Costa,16.0,16.0,16.0,14.0,15.0
788,Orange,23.0,23.0,23.0,23.0,55.0
789,Los Angeles,21.0,20.0,21.0,20.0,32.0
790,Los Angeles,23.0,22.0,24.0,23.0,44.0
791,Los Angeles,16.0,16.0,17.0,17.0,43.0
792,Stanislaus,23.0,22.0,22.0,22.0,52.0
793,Contra Costa,0.0,0.0,0.0,0.0,4.0
794,Los Angeles,23.0,22.0,22.0,22.0,77.0
796,Los Angeles,18.0,18.0,18.0,19.0,30.0
797,Contra Costa,0.0,0.0,0.0,0.0,13.0
798,Riverside,20.0,19.0,20.0,20.0,118.0
799,San Francisco,16.0,14.0,16.0,15.0,33.0
800,Los Angeles,17.0,16.0,18.0,18.0,107.0
801,Stanislaus,24.0,23.0,23.0,23.0,80.0
802,San Diego,0.0,0.0,0.0,0.0,6.0
803,San Diego,0.0,0.0,0.0,0.0,1.0
804,Orange,0.0,0.0,0.0,0.0,1.0
805,San Bernardino,16.0,14.0,16.0,16.0,424.0
806,Riverside,18.0,17.0,19.0,19.0,98.0
807,Orange,20.0,18.0,18.0,20.0,18.0
808,San Diego,0.0,0.0,0.0,0.0,8.0
809,San Diego,0.0,0.0,0.0,0.0,1.0
810,San Diego,0.0,0.0,0.0,0.0,3.0
811,San Diego,21.0,19.0,21.0,22.0,15.0
813,Lake,19.0,19.0,19.0,18.0,18.0
814,Fresno,22.0,21.0,21.0,23.0,38.0
815,Kern,22.0,21.0,21.0,22.0,20.0
817,Stanislaus,0.0,0.0,0.0,0.0,2.0
818,Monterey,19.0,19.0,18.0,19.0,35.0
819,Los Angeles,21.0,19.0,19.0,19.0,102.0
820,San Diego,16.0,13.0,16.0,15.0,17.0
822,Fresno,23.0,21.0,22.0,21.0,41.0
824,Alameda,21.0,21.0,22.0,21.0,108.0
825,San Francisco,20.0,19.0,19.0,19.0,50.0
826,Santa Clara,20.0,20.0,20.0,20.0,100.0
827,Lake,0.0,0.0,0.0,0.0,2.0
828,Los Angeles,26.0,26.0,21.0,22.0,36.0
829,Los Angeles,29.0,29.0,29.0,28.0,138.0
830,San Diego,25.0,26.0,25.0,25.0,248.0
832,Orange,24.0,23.0,22.0,22.0,59.0
833,San Diego,29.0,29.0,27.0,27.0,112.0
834,Los Angeles,24.0,23.0,21.0,21.0,42.0
835,Los Angeles,22.0,20.0,21.0,20.0,41.0
836,Orange,24.0,25.0,25.0,23.0,199.0
837,Riverside,22.0,20.0,20.0,21.0,62.0
838,Los Angeles,23.0,22.0,23.0,22.0,70.0
839,Riverside,18.0,18.0,19.0,19.0,61.0
842,Orange,0.0,0.0,0.0,0.0,1.0
843,Orange,26.0,27.0,26.0,26.0,165.0
844,Sacramento,24.0,23.0,23.0,23.0,85.0
845,Orange,26.0,26.0,25.0,24.0,66.0
847,Riverside,19.0,18.0,19.0,19.0,92.0
848,Los Angeles,22.0,21.0,21.0,21.0,38.0
849,Los Angeles,21.0,21.0,19.0,20.0,45.0
852,Contra Costa,26.0,26.0,25.0,25.0,128.0
853,Butte,0.0,0.0,0.0,0.0,14.0
854,Lassen,22.0,21.0,21.0,21.0,27.0
855,San Joaquin,21.0,21.0,21.0,21.0,32.0
856,Santa Clara,0.0,0.0,0.0,0.0,5.0
857,Fresno,0.0,0.0,0.0,0.0,8.0
858,Los Angeles,18.0,17.0,17.0,18.0,28.0
859,Mendocino,0.0,0.0,0.0,0.0,1.0
860,Merced,17.0,15.0,17.0,17.0,33.0
861,San Francisco,17.0,15.0,16.0,16.0,26.0
862,Alameda,19.0,18.0,19.0,19.0,134.0
863,Contra Costa,17.0,15.0,17.0,16.0,148.0
864,San Diego,0.0,0.0,0.0,0.0,5.0
867,Los Angeles,0.0,0.0,0.0,0.0,4.0
869,Santa Clara,28.0,28.0,28.0,27.0,133.0
870,Santa Clara,29.0,30.0,29.0,28.0,164.0
871,Kings,20.0,19.0,19.0,19.0,81.0
872,Kings,0.0,0.0,0.0,0.0,3.0
873,Los Angeles,18.0,17.0,19.0,18.0,105.0
874,Sacramento,17.0,16.0,17.0,17.0,69.0
875,Los Angeles,18.0,17.0,17.0,17.0,33.0
876,Madera,23.0,24.0,22.0,22.0,17.0
877,Kern,23.0,22.0,22.0,22.0,60.0
878,Contra Costa,24.0,22.0,22.0,22.0,82.0
880,Sacramento,23.0,23.0,22.0,22.0,32.0
881,Alameda,20.0,20.0,20.0,20.0,27.0
882,Los Angeles,16.0,14.0,16.0,15.0,36.0
884,San Francisco,22.0,21.0,22.0,21.0,112.0
885,San Diego,18.0,17.0,18.0,18.0,81.0
886,Placer,24.0,23.0,22.0,23.0,57.0
887,San Joaquin,23.0,22.0,23.0,23.0,59.0
888,Los Angeles,16.0,16.0,17.0,17.0,88.0
889,Los Angeles,18.0,18.0,18.0,18.0,37.0
890,Los Angeles,16.0,15.0,16.0,17.0,61.0
891,San Joaquin,22.0,21.0,20.0,21.0,33.0
892,Yuba,22.0,18.0,20.0,20.0,19.0
893,Tulare,0.0,0.0,0.0,0.0,9.0
894,San Diego,23.0,23.0,25.0,24.0,18.0
895,Los Angeles,16.0,15.0,16.0,16.0,25.0
896,Sutter,19.0,20.0,20.0,20.0,33.0
897,Santa Clara,23.0,22.0,22.0,21.0,32.0
898,Alameda,25.0,24.0,24.0,24.0,99.0
899,Merced,20.0,18.0,19.0,20.0,51.0
900,Orange,18.0,18.0,18.0,19.0,53.0
901,San Joaquin,23.0,22.0,23.0,22.0,121.0
902,Santa Barbara,0.0,0.0,0.0,0.0,14.0
903,Inyo,0.0,0.0,0.0,0.0,1.0
905,Orange,26.0,27.0,26.0,25.0,262.0
906,Los Angeles,21.0,21.0,21.0,22.0,30.0
907,Santa Clara,29.0,29.0,28.0,28.0,168.0
908,Orange,18.0,17.0,18.0,18.0,163.0
909,Los Angeles,0.0,0.0,0.0,0.0,11.0
910,Los Angeles,27.0,28.0,28.0,27.0,61.0
911,Los Angeles,22.0,22.0,18.0,20.0,17.0
912,Los Angeles,0.0,0.0,0.0,0.0,2.0
914,Los Angeles,0.0,0.0,0.0,0.0,9.0
915,Merced,21.0,20.0,20.0,20.0,19.0
916,Santa Clara,29.0,29.0,28.0,28.0,187.0
917,Tehama,17.0,15.0,17.0,17.0,38.0
918,San Bernardino,24.0,24.0,25.0,24.0,149.0
919,San Francisco,28.0,28.0,28.0,26.0,244.0
920,Lake,0.0,0.0,0.0,0.0,14.0
921,Sierra,0.0,0.0,0.0,0.0,3.0
922,Alameda,15.0,13.0,16.0,16.0,99.0
924,Santa Clara,17.0,15.0,16.0,15.0,22.0
925,Sacramento,18.0,16.0,17.0,18.0,62.0
926,Santa Clara,32.0,32.0,32.0,31.0,172.0
927,Los Angeles,18.0,17.0,17.0,17.0,92.0
929,Madera,20.0,19.0,19.0,20.0,128.0
930,Madera,17.0,15.0,17.0,17.0,141.0
931,San Diego,20.0,19.0,19.0,20.0,39.0
932,Alameda,0.0,0.0,0.0,0.0,8.0
933,Orange,0.0,0.0,0.0,0.0,9.0
935,Los Angeles,0.0,0.0,0.0,0.0,13.0
936,Los Angeles,0.0,0.0,0.0,0.0,4.0
937,Los Angeles,0.0,0.0,0.0,0.0,4.0
938,Orange,0.0,0.0,0.0,0.0,3.0
940,Contra Costa,20.0,19.0,20.0,19.0,20.0
941,Los Angeles,26.0,26.0,24.0,24.0,36.0
942,Mono,26.0,25.0,23.0,24.0,19.0
943,San Joaquin,0.0,0.0,0.0,0.0,1.0
944,San Joaquin,23.0,23.0,22.0,22.0,16.0
945,Los Angeles,15.0,14.0,16.0,16.0,80.0
946,San Diego,20.0,19.0,19.0,20.0,55.0
947,Los Angeles,18.0,17.0,17.0,17.0,68.0
948,Sonoma,29.0,28.0,27.0,27.0,81.0
950,Monterey,0.0,0.0,0.0,0.0,11.0
951,Orange,27.0,26.0,26.0,25.0,84.0
952,Mariposa,24.0,22.0,23.0,22.0,16.0
953,Los Angeles,27.0,27.0,27.0,26.0,91.0
954,San Francisco,16.0,14.0,18.0,17.0,23.0
955,Los Angeles,24.0,23.0,23.0,23.0,50.0
956,Riverside,24.0,23.0,24.0,24.0,148.0
957,Yuba,0.0,0.0,0.0,0.0,1.0
958,Yuba,19.0,18.0,19.0,18.0,22.0
959,Los Angeles,16.0,16.0,18.0,17.0,148.0
960,Los Angeles,19.0,19.0,19.0,19.0,66.0
962,Solano,0.0,0.0,0.0,0.0,1.0
964,Los Angeles,25.0,24.0,22.0,23.0,24.0
965,Los Angeles,18.0,16.0,17.0,18.0,26.0
966,Los Angeles,0.0,0.0,0.0,0.0,5.0
967,Alameda,14.0,13.0,15.0,14.0,45.0
968,Kern,18.0,16.0,19.0,17.0,16.0
969,Humboldt,0.0,0.0,0.0,0.0,9.0
970,Fresno,17.0,15.0,17.0,17.0,51.0
971,Mendocino,0.0,0.0,0.0,0.0,8.0
972,Fresno,16.0,15.0,17.0,16.0,82.0
973,San Mateo,28.0,27.0,27.0,26.0,133.0
974,Merced,20.0,19.0,20.0,20.0,52.0
976,San Joaquin,20.0,19.0,19.0,20.0,65.0
977,Sacramento,20.0,19.0,19.0,19.0,27.0
978,San Diego,0.0,0.0,0.0,0.0,2.0
980,Contra Costa,22.0,20.0,20.0,20.0,21.0
981,Orange,19.0,17.0,19.0,19.0,79.0
982,San Joaquin,26.0,26.0,24.0,24.0,44.0
983,Los Angeles,19.0,19.0,19.0,18.0,26.0
984,San Bernardino,20.0,19.0,20.0,20.0,47.0
986,Lake,0.0,0.0,0.0,0.0,11.0
987,San Joaquin,0.0,0.0,0.0,0.0,10.0
988,Monterey,0.0,0.0,0.0,0.0,1.0
989,Alameda,0.0,0.0,0.0,0.0,5.0
990,Los Angeles,24.0,23.0,23.0,23.0,71.0
991,San Mateo,27.0,27.0,28.0,27.0,82.0
992,Santa Clara,26.0,27.0,27.0,26.0,72.0
993,Madera,22.0,20.0,20.0,21.0,17.0
994,Madera,0.0,0.0,0.0,0.0,14.0
995,Los Angeles,28.0,28.0,27.0,27.0,269.0
996,Sacramento,29.0,30.0,29.0,28.0,71.0
997,San Diego,23.0,22.0,23.0,22.0,65.0
998,Kern,0.0,0.0,0.0,0.0,13.0
999,Contra Costa,29.0,29.0,28.0,28.0,149.0
1001,San Diego,22.0,21.0,21.0,21.0,51.0
1002,Santa Clara,0.0,0.0,0.0,0.0,2.0
1003,San Francisco,17.0,15.0,17.0,16.0,98.0
1004,San Diego,23.0,21.0,21.0,22.0,178.0
1005,Tulare,21.0,21.0,21.0,21.0,18.0
1006,Alameda,31.0,32.0,32.0,30.0,157.0
1007,Orange,26.0,25.0,25.0,25.0,148.0
1009,San Diego,27.0,25.0,25.0,24.0,92.0
1010,Solano,20.0,20.0,18.0,20.0,15.0
1011,Stanislaus,20.0,19.0,20.0,19.0,163.0
1012,Modoc,17.0,15.0,17.0,18.0,40.0
1013,San Bernardino,0.0,0.0,0.0,0.0,1.0
1014,Kern,16.0,13.0,16.0,16.0,27.0
1022,Tulare,19.0,17.0,18.0,19.0,105.0
1023,San Diego,0.0,0.0,0.0,0.0,1.0
1024,Los Angeles,21.0,19.0,19.0,19.0,53.0
1025,Santa Clara,31.0,32.0,32.0,31.0,212.0
1026,San Bernardino,19.0,17.0,19.0,19.0,257.0
1027,Ventura,0.0,0.0,0.0,0.0,3.0
1028,San Diego,26.0,24.0,25.0,24.0,22.0
1029,Orange,0.0,0.0,0.0,0.0,1.0
1030,Contra Costa,27.0,27.0,26.0,26.0,293.0
1031,Los Angeles,18.0,18.0,19.0,18.0,35.0
1032,Monterey,0.0,0.0,0.0,0.0,1.0
1033,Monterey,23.0,22.0,22.0,21.0,45.0
1034,Sacramento,21.0,20.0,21.0,21.0,117.0
1035,Sonoma,24.0,23.0,25.0,24.0,47.0
1036,San Diego,18.0,18.0,18.0,19.0,62.0
1037,Ventura,25.0,24.0,25.0,24.0,108.0
1038,Riverside,21.0,19.0,20.0,19.0,39.0
1040,Los Angeles,17.0,15.0,16.0,16.0,51.0
1041,San Luis Obispo,26.0,25.0,23.0,24.0,35.0
1042,San Diego,21.0,21.0,21.0,20.0,55.0
1043,San Diego,19.0,18.0,20.0,19.0,27.0
1044,San Diego,0.0,0.0,0.0,0.0,13.0
1046,San Joaquin,28.0,27.0,26.0,26.0,52.0
1048,San Diego,0.0,0.0,0.0,0.0,1.0
1050,Santa Clara,28.0,28.0,27.0,27.0,174.0
1051,Los Angeles,21.0,19.0,19.0,19.0,51.0
1052,San Diego,27.0,26.0,26.0,25.0,134.0
1053,Contra Costa,19.0,18.0,19.0,19.0,30.0
1054,Alameda,22.0,21.0,20.0,21.0,38.0
1055,San Diego,0.0,0.0,0.0,0.0,7.0
1057,Santa Clara,0.0,0.0,0.0,0.0,14.0
1058,Siskiyou,0.0,0.0,0.0,0.0,8.0
1059,Tulare,22.0,20.0,21.0,21.0,20.0
1060,San Diego,0.0,0.0,0.0,0.0,10.0
1061,Riverside,0.0,0.0,0.0,0.0,1.0
1062,Riverside,22.0,21.0,21.0,21.0,151.0
1063,Riverside,23.0,22.0,22.0,22.0,142.0
1064,Sacramento,21.0,20.0,21.0,21.0,3065.0
1065,San Joaquin,22.0,21.0,21.0,21.0,1348.0
1066,Kern,21.0,20.0,20.0,20.0,1257.0
1067,Shasta,26.0,24.0,24.0,24.0,173.0
1068,Sutter,23.0,22.0,22.0,22.0,196.0
1069,Calaveras,26.0,24.0,24.0,24.0,31.0
1070,Mono,26.0,24.0,24.0,24.0,20.0
1071,Ventura,25.0,24.0,24.0,24.0,1552.0
1072,Marin,27.0,26.0,25.0,25.0,753.0
1073,El Dorado,25.0,24.0,25.0,24.0,465.0
1074,Mendocino,25.0,23.0,22.0,22.0,68.0
1075,Glenn,21.0,19.0,19.0,20.0,72.0
1076,Sierra,0.0,0.0,0.0,0.0,3.0
1077,San Mateo,25.0,25.0,25.0,24.0,1434.0
1078,San Benito,21.0,20.0,21.0,21.0,123.0
1079,Sonoma,24.0,23.0,23.0,23.0,837.0
1080,Kings,18.0,17.0,18.0,18.0,282.0
1081,Trinity,24.0,24.0,23.0,23.0,15.0
1082,Inyo,23.0,22.0,22.0,22.0,28.0
1083,Madera,19.0,18.0,19.0,19.0,375.0
1084,Humboldt,25.0,24.0,24.0,24.0,107.0
1085,Santa Cruz,23.0,22.0,22.0,22.0,567.0
1086,Stanislaus,22.0,21.0,21.0,21.0,753.0
1087,Santa Barbara,23.0,23.0,23.0,23.0,824.0
1088,Lake,21.0,19.0,19.0,19.0,65.0
1089,Orange,25.0,24.0,24.0,24.0,8501.0
1090,Contra Costa,25.0,25.0,24.0,24.0,3183.0
1091,Amador,24.0,23.0,23.0,22.0,37.0
1092,San Diego,24.0,23.0,23.0,23.0,8081.0
1093,Riverside,21.0,20.0,20.0,20.0,4767.0
1094,Modoc,17.0,15.0,17.0,18.0,55.0
1095,Tuolumne,26.0,23.0,23.0,23.0,23.0
1096,Napa,22.0,22.0,22.0,22.0,209.0
1097,Butte,23.0,22.0,23.0,23.0,226.0
1098,Yuba,21.0,19.0,20.0,20.0,64.0
1099,Solano,23.0,22.0,22.0,22.0,436.0
1100,Plumas,0.0,0.0,0.0,0.0,9.0
1101,San Bernardino,18.0,17.0,19.0,18.0,5418.0
1102,Lassen,22.0,21.0,21.0,21.0,27.0
1104,Colusa,19.0,18.0,19.0,20.0,26.0
1105,Del Norte,0.0,0.0,0.0,0.0,5.0
1106,Alameda,25.0,24.0,24.0,24.0,3630.0
1107,Placer,25.0,24.0,24.0,24.0,1292.0
1108,Mariposa,24.0,22.0,23.0,22.0,16.0
1109,Tulare,20.0,18.0,19.0,19.0,951.0
1110,Tehama,19.0,18.0,19.0,19.0,302.0
1111,Fresno,21.0,20.0,20.0,20.0,1805.0
1112,San Luis Obispo,24.0,23.0,23.0,23.0,570.0
1113,Monterey,20.0,19.0,20.0,20.0,1022.0
1114,Yolo,23.0,23.0,23.0,23.0,355.0
1115,Imperial,20.0,19.0,20.0,19.0,496.0
1116,Siskiyou,21.0,20.0,21.0,20.0,95.0
1117,Santa Clara,27.0,27.0,26.0,26.0,4228.0
1118,San Francisco,22.0,21.0,22.0,21.0,1078.0
1119,Merced,20.0,18.0,18.0,19.0,594.0
1120,Nevada,25.0,24.0,24.0,24.0,76.0
1121,Los Angeles,21.0,20.0,21.0,20.0,20678.0
1123,Alameda,27.0,26.0,26.0,25.0,155.0
1124,Alameda,28.0,27.0,27.0,26.0,58.0
1125,Alameda,26.0,25.0,25.0,24.0,227.0
1126,Alameda,26.0,25.0,25.0,25.0,106.0
1128,Alameda,29.0,30.0,30.0,29.0,511.0
1129,Alameda,19.0,19.0,19.0,19.0,256.0
1130,Alameda,26.0,25.0,25.0,25.0,249.0
1131,Alameda,22.0,22.0,22.0,22.0,31.0
1132,Alameda,24.0,23.0,24.0,24.0,132.0
1133,Alameda,19.0,18.0,19.0,19.0,809.0
1134,Alameda,30.0,31.0,29.0,29.0,116.0
1135,Alameda,22.0,21.0,21.0,22.0,78.0
1136,Alameda,21.0,21.0,21.0,21.0,189.0
1137,Alameda,28.0,28.0,28.0,27.0,216.0
1138,Alameda,29.0,29.0,28.0,28.0,476.0
1140,Amador,24.0,23.0,23.0,22.0,37.0
1141,Butte,0.0,0.0,0.0,0.0,10.0
1142,Butte,0.0,0.0,0.0,0.0,5.0
1143,Butte,24.0,23.0,24.0,24.0,137.0
1144,Butte,0.0,0.0,0.0,0.0,3.0
1146,Butte,21.0,19.0,20.0,20.0,33.0
1147,Butte,23.0,21.0,24.0,23.0,23.0
1148,Butte,22.0,22.0,24.0,22.0,15.0
1150,Calaveras,0.0,0.0,0.0,0.0,12.0
1151,Calaveras,25.0,22.0,24.0,23.0,19.0
1152,Colusa,0.0,0.0,0.0,0.0,5.0
1154,Colusa,19.0,17.0,19.0,19.0,16.0
1155,Colusa,0.0,0.0,0.0,0.0,5.0
1156,Contra Costa,24.0,23.0,23.0,23.0,153.0
1157,Contra Costa,29.0,28.0,27.0,27.0,539.0
1158,Contra Costa,22.0,20.0,20.0,20.0,117.0
1159,Contra Costa,0.0,0.0,0.0,0.0,5.0
1160,Contra Costa,0.0,0.0,0.0,0.0,13.0
1161,Contra Costa,24.0,23.0,22.0,23.0,284.0
1162,Contra Costa,25.0,23.0,24.0,23.0,42.0
1163,Contra Costa,25.0,25.0,25.0,24.0,323.0
1164,Contra Costa,19.0,19.0,19.0,19.0,155.0
1165,Contra Costa,19.0,18.0,18.0,18.0,475.0
1166,Contra Costa,28.0,28.0,27.0,27.0,1077.0
1168,Del Norte,0.0,0.0,0.0,0.0,5.0
1169,El Dorado,0.0,0.0,0.0,0.0,2.0
1171,El Dorado,25.0,25.0,25.0,24.0,403.0
1172,El Dorado,23.0,22.0,22.0,22.0,54.0
1173,El Dorado,0.0,0.0,0.0,0.0,6.0
1174,Fresno,0.0,0.0,0.0,0.0,8.0
1175,Fresno,25.0,24.0,24.0,24.0,479.0
1176,Fresno,0.0,0.0,0.0,0.0,5.0
1177,Fresno,0.0,0.0,0.0,0.0,10.0
1178,Fresno,20.0,19.0,19.0,19.0,574.0
1179,Fresno,23.0,21.0,22.0,21.0,41.0
1180,Fresno,19.0,17.0,18.0,18.0,169.0
1181,Fresno,0.0,0.0,0.0,0.0,8.0
1182,Fresno,0.0,0.0,0.0,0.0,1.0
1183,Fresno,18.0,16.0,18.0,18.0,33.0
1185,Fresno,21.0,19.0,20.0,21.0,62.0
1186,Fresno,0.0,0.0,0.0,0.0,12.0
1188,Fresno,0.0,0.0,0.0,0.0,3.0
1189,Fresno,16.0,15.0,16.0,17.0,31.0
1190,Fresno,22.0,21.0,20.0,22.0,37.0
1191,Fresno,22.0,21.0,21.0,23.0,38.0
1192,Fresno,16.0,15.0,17.0,16.0,82.0
1193,Fresno,15.0,14.0,15.0,15.0,19.0
1194,Fresno,0.0,0.0,0.0,0.0,14.0
1195,Fresno,16.0,15.0,18.0,18.0,50.0
1196,Fresno,0.0,0.0,0.0,0.0,8.0
1197,Fresno,16.0,15.0,16.0,16.0,121.0
1200,Glenn,0.0,0.0,0.0,0.0,5.0
1201,Glenn,23.0,21.0,19.0,21.0,37.0
1202,Glenn,18.0,18.0,18.0,19.0,30.0
1204,Humboldt,27.0,26.0,25.0,26.0,49.0
1205,Humboldt,24.0,22.0,23.0,22.0,24.0
1208,Humboldt,0.0,0.0,0.0,0.0,9.0
1209,Humboldt,0.0,0.0,0.0,0.0,2.0
1210,Humboldt,24.0,22.0,23.0,22.0,23.0
1212,Imperial,19.0,18.0,18.0,18.0,115.0
1213,Imperial,20.0,19.0,21.0,20.0,90.0
1214,Imperial,20.0,21.0,19.0,20.0,19.0
1215,Imperial,19.0,18.0,19.0,19.0,172.0
1216,Imperial,20.0,18.0,20.0,19.0,29.0
1217,Imperial,23.0,22.0,21.0,22.0,65.0
1218,Imperial,0.0,0.0,0.0,0.0,6.0
1220,Inyo,0.0,0.0,0.0,0.0,1.0
1221,Inyo,23.0,22.0,22.0,22.0,27.0
1222,Kern,18.0,18.0,18.0,18.0,126.0
1223,Kern,19.0,18.0,20.0,19.0,194.0
1224,Kern,22.0,20.0,21.0,21.0,741.0
1226,Kern,17.0,14.0,16.0,16.0,31.0
1227,Kern,0.0,0.0,0.0,0.0,8.0
1228,Kern,0.0,0.0,0.0,0.0,6.0
1229,Kern,21.0,18.0,19.0,19.0,35.0
1230,Kern,0.0,0.0,0.0,0.0,14.0
1231,Kern,19.0,18.0,20.0,20.0,71.0
1232,Kern,27.0,26.0,27.0,26.0,15.0
1233,Kern,18.0,16.0,19.0,17.0,16.0
1236,Kings,0.0,0.0,0.0,0.0,1.0
1237,Kings,18.0,17.0,18.0,19.0,40.0
1238,Kings,22.0,21.0,20.0,21.0,45.0
1240,Kings,21.0,19.0,19.0,19.0,84.0
1241,Kings,16.0,14.0,15.0,16.0,112.0
1242,Lake,19.0,19.0,19.0,18.0,18.0
1243,Lake,22.0,20.0,18.0,20.0,16.0
1244,Lake,0.0,0.0,0.0,0.0,2.0
1245,Lake,0.0,0.0,0.0,0.0,11.0
1246,Lake,18.0,16.0,17.0,17.0,18.0
1248,Lassen,22.0,21.0,21.0,21.0,27.0
1251,Los Angeles,20.0,19.0,19.0,19.0,245.0
1252,Los Angeles,26.0,26.0,26.0,25.0,216.0
1253,Los Angeles,21.0,20.0,19.0,20.0,339.0
1254,Los Angeles,28.0,29.0,28.0,27.0,192.0
1255,Los Angeles,19.0,19.0,19.0,20.0,49.0
1256,Los Angeles,20.0,19.0,20.0,19.0,222.0
1257,Los Angeles,23.0,22.0,22.0,22.0,21.0
1258,Los Angeles,25.0,24.0,22.0,23.0,31.0
1259,Los Angeles,28.0,29.0,27.0,26.0,91.0
1260,Los Angeles,23.0,22.0,22.0,22.0,157.0
1261,Los Angeles,26.0,25.0,25.0,24.0,176.0
1262,Los Angeles,18.0,17.0,17.0,18.0,186.0
1263,Los Angeles,22.0,21.0,22.0,22.0,38.0
1264,Los Angeles,25.0,24.0,24.0,24.0,139.0
1265,Los Angeles,21.0,20.0,20.0,20.0,72.0
1266,Los Angeles,24.0,24.0,22.0,23.0,148.0
1267,Los Angeles,23.0,22.0,23.0,22.0,135.0
1268,Los Angeles,23.0,23.0,21.0,21.0,59.0
1269,Los Angeles,21.0,20.0,21.0,20.0,302.0
1270,Los Angeles,19.0,18.0,19.0,19.0,218.0
1271,Los Angeles,25.0,25.0,24.0,24.0,109.0
1272,Los Angeles,26.0,26.0,26.0,25.0,221.0
1273,Los Angeles,25.0,23.0,24.0,23.0,79.0
1274,Los Angeles,0.0,0.0,0.0,0.0,10.0
1275,Los Angeles,20.0,20.0,21.0,19.0,112.0
1276,Los Angeles,17.0,16.0,17.0,17.0,227.0
1277,Los Angeles,29.0,29.0,29.0,28.0,138.0
1278,Los Angeles,27.0,27.0,25.0,25.0,322.0
1279,Los Angeles,17.0,17.0,18.0,17.0,96.0
1280,Los Angeles,17.0,16.0,17.0,17.0,232.0
1281,Los Angeles,23.0,22.0,22.0,22.0,582.0
1282,Los Angeles,19.0,18.0,19.0,19.0,9336.0
1283,Los Angeles,18.0,17.0,17.0,17.0,160.0
1284,Los Angeles,21.0,19.0,19.0,19.0,53.0
1285,Los Angeles,19.0,18.0,18.0,19.0,276.0
1286,Los Angeles,19.0,18.0,18.0,19.0,171.0
1287,Los Angeles,21.0,21.0,20.0,21.0,31.0
1288,Los Angeles,27.0,28.0,27.0,26.0,426.0
1289,Los Angeles,21.0,21.0,21.0,22.0,61.0
1290,Los Angeles,22.0,21.0,21.0,21.0,166.0
1291,Los Angeles,19.0,18.0,18.0,19.0,266.0
1292,Los Angeles,28.0,29.0,29.0,27.0,95.0
1293,Los Angeles,27.0,26.0,25.0,25.0,280.0
1294,Los Angeles,28.0,27.0,27.0,27.0,93.0
1295,Los Angeles,27.0,27.0,27.0,26.0,90.0
1296,Los Angeles,25.0,24.0,25.0,24.0,440.0
1297,Los Angeles,24.0,24.0,23.0,23.0,42.0
1298,Los Angeles,20.0,20.0,20.0,20.0,390.0
1299,Los Angeles,26.0,25.0,24.0,24.0,748.0
1300,Los Angeles,16.0,14.0,16.0,15.0,795.0
1301,Los Angeles,22.0,20.0,21.0,22.0,113.0
1302,Los Angeles,22.0,21.0,21.0,21.0,119.0
1303,Los Angeles,28.0,28.0,28.0,27.0,316.0
1304,Los Angeles,27.0,28.0,26.0,26.0,72.0
1305,Los Angeles,0.0,0.0,0.0,0.0,11.0
1306,Los Angeles,28.0,28.0,27.0,27.0,269.0
1307,Los Angeles,24.0,24.0,23.0,24.0,267.0
1308,Los Angeles,27.0,28.0,24.0,25.0,19.0
1309,Los Angeles,0.0,0.0,0.0,0.0,8.0
1310,Los Angeles,25.0,25.0,25.0,24.0,238.0
1311,Los Angeles,20.0,20.0,19.0,20.0,120.0
1312,Los Angeles,0.0,0.0,0.0,0.0,8.0
1313,Los Angeles,15.0,15.0,17.0,16.0,33.0
1315,Madera,21.0,20.0,20.0,21.0,18.0
1316,Madera,18.0,17.0,18.0,18.0,271.0
1317,Madera,23.0,24.0,22.0,22.0,17.0
1318,Madera,22.0,20.0,20.0,20.0,32.0
1319,Madera,22.0,21.0,22.0,22.0,37.0
1321,Marin,25.0,24.0,24.0,23.0,197.0
1322,Marin,24.0,23.0,23.0,23.0,140.0
1323,Marin,29.0,29.0,26.0,26.0,412.0
1324,Marin,0.0,0.0,0.0,0.0,4.0
1325,Mariposa,24.0,22.0,23.0,22.0,16.0
1327,Mendocino,0.0,0.0,0.0,0.0,2.0
1328,Mendocino,25.0,24.0,22.0,23.0,24.0
1329,Mendocino,0.0,0.0,0.0,0.0,8.0
1330,Mendocino,0.0,0.0,0.0,0.0,3.0
1332,Mendocino,25.0,23.0,23.0,23.0,23.0
1333,Mendocino,0.0,0.0,0.0,0.0,7.0
1335,Mendocino,0.0,0.0,0.0,0.0,1.0
1337,Merced,22.0,20.0,20.0,20.0,26.0
1338,Merced,17.0,15.0,17.0,17.0,33.0
1339,Merced,21.0,20.0,19.0,20.0,58.0
1340,Merced,20.0,18.0,19.0,19.0,379.0
1341,Merced,20.0,19.0,17.0,19.0,28.0
1342,Merced,0.0,0.0,0.0,0.0,2.0
1343,Merced,18.0,17.0,17.0,18.0,68.0
1344,Modoc,17.0,15.0,17.0,18.0,40.0
1345,Modoc,18.0,15.0,17.0,18.0,15.0
1347,Mono,0.0,0.0,0.0,0.0,1.0
1348,Mono,26.0,25.0,23.0,24.0,19.0
1349,Monterey,0.0,0.0,0.0,0.0,2.0
1351,Monterey,26.0,26.0,25.0,25.0,121.0
1352,Monterey,18.0,17.0,17.0,17.0,88.0
1353,Monterey,22.0,21.0,22.0,21.0,90.0
1354,Monterey,26.0,27.0,26.0,26.0,31.0
1355,Monterey,19.0,18.0,19.0,19.0,516.0
1356,Monterey,19.0,17.0,18.0,20.0,42.0
1357,Monterey,18.0,16.0,17.0,18.0,69.0
1358,Monterey,17.0,17.0,17.0,17.0,63.0
1360,Napa,0.0,0.0,0.0,0.0,13.0
1361,Napa,22.0,22.0,22.0,22.0,168.0
1362,Napa,25.0,26.0,22.0,23.0,28.0
1363,Nevada,0.0,0.0,0.0,0.0,13.0
1364,Nevada,25.0,24.0,25.0,24.0,63.0
1365,Orange,23.0,22.0,21.0,21.0,35.0
1366,Orange,23.0,22.0,22.0,22.0,458.0
1367,Orange,26.0,26.0,26.0,26.0,121.0
1368,Orange,26.0,26.0,26.0,25.0,1455.0
1369,Orange,26.0,26.0,26.0,25.0,519.0
1370,Orange,22.0,22.0,22.0,21.0,615.0
1371,Orange,25.0,25.0,25.0,24.0,584.0
1372,Orange,26.0,27.0,26.0,26.0,165.0
1373,Orange,26.0,26.0,25.0,25.0,628.0
1374,Orange,25.0,25.0,24.0,24.0,255.0
1375,Orange,24.0,23.0,24.0,23.0,436.0
1376,Orange,20.0,19.0,20.0,19.0,1162.0
1377,Orange,25.0,25.0,25.0,25.0,479.0
1378,Orange,25.0,25.0,25.0,24.0,544.0
1379,Orange,28.0,29.0,29.0,28.0,780.0
1380,Orange,26.0,27.0,26.0,25.0,262.0
1381,Orange,0.0,0.0,0.0,0.0,3.0
1382,Placer,0.0,0.0,0.0,0.0,2.0
1383,Placer,0.0,0.0,0.0,0.0,12.0
1384,Placer,24.0,23.0,24.0,24.0,213.0
1385,Placer,25.0,24.0,24.0,24.0,611.0
1386,Placer,26.0,25.0,25.0,25.0,78.0
1387,Placer,24.0,23.0,21.0,23.0,65.0
1388,Placer,25.0,25.0,24.0,24.0,311.0
1389,Plumas,0.0,0.0,0.0,0.0,9.0
1390,Riverside,0.0,0.0,0.0,0.0,11.0
1391,Riverside,19.0,18.0,19.0,19.0,141.0
1392,Riverside,18.0,17.0,18.0,18.0,51.0
1393,Riverside,22.0,20.0,20.0,21.0,48.0
1394,Riverside,22.0,21.0,21.0,21.0,757.0
1395,Riverside,22.0,21.0,20.0,21.0,226.0
1396,Riverside,21.0,19.0,19.0,20.0,142.0
1397,Riverside,19.0,18.0,18.0,19.0,210.0
1398,Riverside,24.0,24.0,23.0,23.0,18.0
1399,Riverside,20.0,19.0,19.0,19.0,227.0
1400,Riverside,19.0,17.0,20.0,19.0,169.0
1401,Riverside,19.0,18.0,18.0,19.0,232.0
1402,Riverside,0.0,0.0,0.0,0.0,7.0
1403,Riverside,19.0,18.0,18.0,18.0,383.0
1404,Riverside,21.0,20.0,21.0,21.0,583.0
1405,Riverside,19.0,19.0,18.0,18.0,34.0
1406,Riverside,18.0,16.0,18.0,18.0,204.0
1407,Riverside,20.0,19.0,19.0,20.0,169.0
1408,Riverside,23.0,23.0,22.0,23.0,629.0
1409,Riverside,23.0,22.0,22.0,22.0,459.0
1410,Riverside,20.0,19.0,19.0,19.0,41.0
1412,Sacramento,23.0,22.0,23.0,22.0,919.0
1413,Sacramento,27.0,26.0,26.0,26.0,259.0
1414,Sacramento,21.0,20.0,21.0,20.0,58.0
1415,Sacramento,20.0,19.0,19.0,19.0,27.0
1416,Sacramento,0.0,0.0,0.0,0.0,1.0
1417,Sacramento,21.0,20.0,20.0,20.0,468.0
1418,Sacramento,24.0,23.0,23.0,23.0,456.0
1419,Sacramento,0.0,0.0,0.0,0.0,14.0
1420,Sacramento,17.0,16.0,17.0,17.0,772.0
1421,Sacramento,20.0,18.0,19.0,19.0,91.0
1422,San Benito,21.0,20.0,21.0,21.0,118.0
1423,San Benito,0.0,0.0,0.0,0.0,5.0
1424,San Bernardino,0.0,0.0,0.0,0.0,13.0
1425,San Bernardino,0.0,0.0,0.0,0.0,1.0
1426,San Bernardino,18.0,17.0,19.0,19.0,26.0
1427,San Bernardino,0.0,0.0,0.0,0.0,9.0
1428,San Bernardino,21.0,20.0,21.0,21.0,796.0
1429,San Bernardino,25.0,24.0,24.0,24.0,250.0
1430,San Bernardino,19.0,19.0,19.0,20.0,126.0
1431,San Bernardino,16.0,14.0,16.0,16.0,2562.0
1432,San Bernardino,0.0,0.0,0.0,0.0,5.0
1433,San Bernardino,25.0,24.0,25.0,23.0,16.0
1434,San Bernardino,0.0,0.0,0.0,0.0,6.0
1435,San Bernardino,18.0,18.0,17.0,19.0,17.0
1436,San Bernardino,24.0,24.0,24.0,23.0,174.0
1437,San Bernardino,19.0,18.0,19.0,19.0,190.0
1438,San Bernardino,25.0,24.0,22.0,24.0,26.0
1439,San Bernardino,19.0,17.0,18.0,19.0,480.0
1440,San Bernardino,0.0,0.0,0.0,0.0,1.0
1441,San Bernardino,20.0,18.0,19.0,19.0,200.0
1442,San Bernardino,24.0,22.0,22.0,22.0,61.0
1443,San Bernardino,0.0,0.0,0.0,0.0,2.0
1444,San Bernardino,22.0,21.0,23.0,22.0,57.0
1445,San Bernardino,20.0,18.0,19.0,19.0,255.0
1446,San Bernardino,0.0,0.0,0.0,0.0,1.0
1447,San Bernardino,21.0,21.0,21.0,21.0,62.0
1448,San Bernardino,23.0,22.0,20.0,21.0,82.0
1449,San Diego,22.0,21.0,23.0,21.0,22.0
1450,San Diego,0.0,0.0,0.0,0.0,1.0
1451,San Diego,20.0,20.0,18.0,19.0,21.0
1452,San Diego,26.0,25.0,25.0,25.0,128.0
1453,San Diego,21.0,21.0,20.0,20.0,18.0
1454,San Diego,21.0,20.0,21.0,21.0,497.0
1455,San Diego,23.0,22.0,22.0,21.0,42.0
1456,San Diego,22.0,21.0,22.0,22.0,940.0
1457,San Diego,0.0,0.0,0.0,0.0,6.0
1458,San Diego,0.0,0.0,0.0,0.0,1.0
1459,San Diego,28.0,26.0,26.0,27.0,16.0
1460,San Diego,25.0,21.0,21.0,23.0,20.0
1461,San Diego,27.0,26.0,26.0,25.0,941.0
1462,San Diego,23.0,22.0,23.0,23.0,81.0
1463,San Diego,23.0,22.0,22.0,22.0,1944.0
1464,San Diego,28.0,28.0,27.0,27.0,1234.0
1465,San Diego,0.0,0.0,0.0,0.0,3.0
1466,San Diego,21.0,20.0,20.0,21.0,952.0
1467,San Diego,25.0,23.0,24.0,23.0,231.0
1468,San Diego,25.0,25.0,25.0,25.0,258.0
1469,San Diego,21.0,20.0,21.0,20.0,207.0
1470,San Diego,24.0,23.0,22.0,23.0,422.0
1471,San Diego,0.0,0.0,0.0,0.0,1.0
1472,San Diego,22.0,21.0,21.0,22.0,50.0
1473,San Diego,23.0,21.0,19.0,21.0,40.0
1474,San Diego,0.0,0.0,0.0,0.0,5.0
1478,San Francisco,0.0,0.0,0.0,0.0,1.0
1479,San Francisco,22.0,21.0,22.0,21.0,1077.0
1480,San Joaquin,18.0,17.0,17.0,18.0,22.0
1481,San Joaquin,21.0,19.0,21.0,22.0,16.0
1482,San Joaquin,23.0,22.0,23.0,23.0,59.0
1483,San Joaquin,22.0,21.0,20.0,21.0,33.0
1484,San Joaquin,22.0,21.0,22.0,22.0,474.0
1485,San Joaquin,22.0,22.0,22.0,21.0,124.0
1486,San Joaquin,0.0,0.0,0.0,0.0,8.0
1487,San Joaquin,26.0,24.0,23.0,24.0,46.0
1488,San Joaquin,19.0,18.0,19.0,18.0,354.0
1489,San Joaquin,22.0,21.0,21.0,22.0,160.0
1490,San Joaquin,28.0,27.0,26.0,26.0,52.0
1491,San Luis Obispo,0.0,0.0,0.0,0.0,1.0
1492,San Luis Obispo,26.0,25.0,25.0,25.0,35.0
1493,San Luis Obispo,23.0,22.0,22.0,22.0,194.0
1494,San Luis Obispo,26.0,25.0,25.0,24.0,174.0
1495,San Luis Obispo,0.0,0.0,0.0,0.0,2.0
1496,San Luis Obispo,24.0,24.0,22.0,23.0,69.0
1497,San Luis Obispo,23.0,22.0,22.0,22.0,89.0
1498,San Luis Obispo,0.0,0.0,0.0,0.0,6.0
1500,San Mateo,27.0,26.0,25.0,25.0,65.0
1501,San Mateo,0.0,0.0,0.0,0.0,4.0
1502,San Mateo,24.0,23.0,23.0,23.0,132.0
1503,San Mateo,0.0,0.0,0.0,0.0,2.0
1504,San Mateo,16.0,14.0,18.0,15.0,31.0
1505,San Mateo,27.0,26.0,26.0,26.0,529.0
1506,San Mateo,25.0,24.0,24.0,24.0,630.0
1507,San Mateo,23.0,23.0,24.0,23.0,41.0
1509,Santa Barbara,0.0,0.0,0.0,0.0,5.0
1510,Santa Barbara,22.0,19.0,22.0,22.0,39.0
1511,Santa Barbara,24.0,23.0,23.0,23.0,41.0
1512,Santa Barbara,25.0,26.0,25.0,25.0,49.0
1513,Santa Barbara,20.0,19.0,20.0,20.0,243.0
1514,Santa Barbara,26.0,24.0,22.0,22.0,50.0
1515,Santa Barbara,0.0,0.0,0.0,0.0,1.0
1516,Santa Barbara,25.0,25.0,24.0,24.0,395.0
1517,Santa Barbara,0.0,0.0,0.0,0.0,1.0
1521,Santa Clara,22.0,22.0,21.0,22.0,102.0
1522,Santa Clara,27.0,26.0,25.0,26.0,403.0
1523,Santa Clara,22.0,22.0,23.0,22.0,777.0
1524,Santa Clara,30.0,31.0,31.0,29.0,872.0
1525,Santa Clara,23.0,22.0,23.0,22.0,147.0
1526,Santa Clara,30.0,30.0,29.0,29.0,308.0
1527,Santa Clara,24.0,24.0,24.0,23.0,115.0
1528,Santa Clara,28.0,29.0,28.0,28.0,342.0
1529,Santa Clara,29.0,29.0,28.0,28.0,454.0
1530,Santa Clara,25.0,25.0,25.0,25.0,443.0
1531,Santa Clara,25.0,25.0,24.0,24.0,193.0
1532,Santa Clara,26.0,27.0,27.0,26.0,72.0
1533,Santa Cruz,29.0,29.0,27.0,27.0,48.0
1535,Santa Cruz,20.0,18.0,19.0,20.0,257.0
1536,Santa Cruz,26.0,26.0,24.0,25.0,25.0
1537,Santa Cruz,24.0,23.0,23.0,22.0,177.0
1538,Santa Cruz,27.0,26.0,25.0,25.0,60.0
1540,Shasta,24.0,21.0,22.0,23.0,29.0
1541,Shasta,22.0,20.0,22.0,22.0,21.0
1542,Shasta,0.0,0.0,0.0,0.0,3.0
1543,Shasta,27.0,25.0,25.0,25.0,115.0
1544,Shasta,0.0,0.0,0.0,0.0,2.0
1545,Shasta,0.0,0.0,0.0,0.0,3.0
1546,Sierra,0.0,0.0,0.0,0.0,3.0
1547,Siskiyou,0.0,0.0,0.0,0.0,1.0
1549,Siskiyou,21.0,21.0,19.0,19.0,29.0
1550,Siskiyou,23.0,20.0,21.0,21.0,38.0
1552,Siskiyou,20.0,20.0,21.0,21.0,27.0
1554,Solano,27.0,26.0,25.0,25.0,67.0
1555,Solano,21.0,20.0,21.0,20.0,67.0
1556,Solano,24.0,23.0,22.0,23.0,94.0
1557,Solano,25.0,23.0,23.0,24.0,40.0
1558,Solano,23.0,22.0,23.0,22.0,97.0
1559,Solano,20.0,18.0,18.0,19.0,71.0
1561,Sonoma,26.0,25.0,24.0,24.0,55.0
1562,Sonoma,0.0,0.0,0.0,0.0,5.0
1563,Sonoma,0.0,0.0,0.0,0.0,1.0
1565,Sonoma,0.0,0.0,0.0,0.0,1.0
1566,Sonoma,0.0,0.0,0.0,0.0,4.0
1567,Sonoma,0.0,0.0,0.0,0.0,1.0
1568,Sonoma,25.0,24.0,23.0,23.0,134.0
1570,Sonoma,17.0,16.0,18.0,18.0,89.0
1571,Sonoma,25.0,24.0,24.0,24.0,275.0
1572,Sonoma,25.0,24.0,23.0,23.0,47.0
1574,Sonoma,24.0,23.0,22.0,22.0,73.0
1575,Sonoma,23.0,22.0,21.0,22.0,116.0
1576,Sonoma,24.0,25.0,22.0,22.0,36.0
1578,Stanislaus,20.0,18.0,18.0,19.0,34.0
1579,Stanislaus,0.0,0.0,0.0,0.0,3.0
1580,Stanislaus,0.0,0.0,0.0,0.0,6.0
1581,Stanislaus,0.0,0.0,0.0,0.0,2.0
1582,Stanislaus,22.0,21.0,21.0,21.0,511.0
1583,Stanislaus,24.0,22.0,21.0,21.0,15.0
1584,Stanislaus,23.0,22.0,23.0,22.0,18.0
1585,Stanislaus,0.0,0.0,0.0,0.0,12.0
1586,Stanislaus,0.0,0.0,0.0,0.0,2.0
1587,Stanislaus,24.0,24.0,23.0,23.0,38.0
1588,Stanislaus,0.0,0.0,0.0,0.0,7.0
1589,Stanislaus,24.0,22.0,22.0,22.0,105.0
1591,Sutter,0.0,0.0,0.0,0.0,9.0
1592,Sutter,19.0,20.0,20.0,20.0,33.0
1593,Sutter,0.0,0.0,0.0,0.0,6.0
1594,Sutter,0.0,0.0,0.0,0.0,1.0
1596,Sutter,25.0,22.0,24.0,23.0,22.0
1597,Sutter,0.0,0.0,0.0,0.0,9.0
1598,Sutter,23.0,22.0,22.0,23.0,116.0
1600,Tehama,18.0,18.0,18.0,17.0,113.0
1601,Tehama,17.0,15.0,17.0,17.0,38.0
1602,Tehama,20.0,19.0,20.0,20.0,151.0
1605,Trinity,24.0,24.0,23.0,23.0,15.0
1606,Tulare,0.0,0.0,0.0,0.0,14.0
1607,Tulare,0.0,0.0,0.0,0.0,1.0
1608,Tulare,0.0,0.0,0.0,0.0,5.0
1609,Tulare,17.0,15.0,17.0,17.0,85.0
1610,Tulare,0.0,0.0,0.0,0.0,9.0
1612,Tulare,20.0,19.0,20.0,19.0,177.0
1613,Tulare,22.0,21.0,21.0,22.0,187.0
1614,Tulare,18.0,16.0,17.0,17.0,46.0
1615,Tulare,19.0,18.0,19.0,19.0,283.0
1616,Tulare,18.0,16.0,17.0,19.0,96.0
1617,Tulare,18.0,18.0,19.0,18.0,30.0
1618,Tulare,25.0,23.0,20.0,23.0,18.0
1620,Tuolumne,0.0,0.0,0.0,0.0,11.0
1621,Tuolumne,0.0,0.0,0.0,0.0,12.0
1623,Ventura,0.0,0.0,0.0,0.0,2.0
1624,Ventura,24.0,23.0,23.0,23.0,29.0
1625,Ventura,0.0,0.0,0.0,0.0,1.0
1626,Ventura,26.0,26.0,24.0,24.0,15.0
1627,Ventura,22.0,21.0,21.0,21.0,317.0
1628,Ventura,25.0,25.0,24.0,24.0,159.0
1629,Ventura,24.0,22.0,22.0,22.0,213.0
1630,Ventura,27.0,27.0,26.0,26.0,421.0
1631,Ventura,29.0,29.0,27.0,27.0,157.0
1632,Ventura,25.0,24.0,24.0,24.0,112.0
1633,Ventura,20.0,18.0,19.0,20.0,126.0
1635,Yolo,28.0,27.0,28.0,27.0,156.0
1637,Yolo,21.0,19.0,20.0,20.0,54.0
1638,Yolo,0.0,0.0,0.0,0.0,6.0
1639,Yolo,20.0,19.0,19.0,20.0,139.0
1641,Yuba,0.0,0.0,0.0,0.0,4.0
1642,Yuba,20.0,18.0,19.0,19.0,42.0
1643,Yuba,23.0,21.0,21.0,22.0,18.0
1644,Napa,22.0,22.0,22.0,22.0,59.0
1646,Los Angeles,21.0,19.0,20.0,21.0,50.0
1647,San Diego,0.0,0.0,0.0,0.0,1.0
1649,Sacramento,23.0,24.0,22.0,22.0,18.0
1650,Sacramento,15.0,13.0,16.0,15.0,199.0
1651,Sacramento,25.0,23.0,23.0,22.0,17.0
1652,Los Angeles,0.0,0.0,0.0,0.0,6.0
1653,Alameda,0.0,0.0,0.0,0.0,1.0
1654,San Bernardino,0.0,0.0,0.0,0.0,6.0
1655,Nevada,27.0,25.0,25.0,24.0,34.0
1656,Shasta,0.0,0.0,0.0,0.0,1.0
1657,Los Angeles,17.0,16.0,18.0,17.0,68.0
1658,Los Angeles,14.0,11.0,15.0,15.0,25.0
1659,Los Angeles,0.0,0.0,0.0,0.0,3.0
1660,Los Angeles,0.0,0.0,0.0,0.0,3.0
1662,Sacramento,0.0,0.0,0.0,0.0,3.0
1663,Napa,0.0,0.0,0.0,0.0,9.0
1664,Los Angeles,0.0,0.0,0.0,0.0,10.0
1665,Los Angeles,27.0,28.0,24.0,25.0,19.0
1666,Alameda,22.0,22.0,22.0,22.0,31.0
1667,Ventura,27.0,26.0,26.0,25.0,154.0
1668,Orange,25.0,25.0,24.0,24.0,237.0
1669,San Luis Obispo,22.0,21.0,21.0,23.0,23.0
1670,Los Angeles,19.0,17.0,18.0,19.0,68.0
1671,Riverside,23.0,21.0,22.0,22.0,58.0
1672,Ventura,26.0,26.0,24.0,24.0,15.0
1673,Riverside,20.0,18.0,19.0,18.0,63.0
1676,Kern,22.0,20.0,20.0,21.0,16.0
1677,Los Angeles,24.0,23.0,24.0,23.0,73.0
1678,Los Angeles,27.0,27.0,26.0,25.0,52.0
1680,Monterey,19.0,17.0,18.0,20.0,42.0
1682,Monterey,20.0,19.0,19.0,19.0,50.0
1685,Placer,26.0,24.0,25.0,25.0,32.0
1686,Los Angeles,0.0,0.0,0.0,0.0,5.0
1691,Contra Costa,27.0,27.0,26.0,26.0,180.0
1692,Los Angeles,0.0,0.0,0.0,0.0,12.0
1693,Los Angeles,20.0,18.0,20.0,19.0,46.0
1695,Orange,29.0,30.0,29.0,29.0,234.0
1696,Los Angeles,19.0,17.0,17.0,18.0,86.0
1697,Riverside,20.0,18.0,19.0,19.0,15.0
1698,Orange,19.0,17.0,18.0,19.0,42.0
1699,Marin,0.0,0.0,0.0,0.0,2.0
1700,Marin,23.0,23.0,23.0,22.0,88.0
1701,Riverside,19.0,17.0,20.0,19.0,169.0
1702,Santa Clara,23.0,22.0,23.0,22.0,37.0
1703,San Bernardino,20.0,18.0,20.0,19.0,154.0
1704,Ventura,29.0,29.0,27.0,27.0,152.0
1705,Ventura,0.0,0.0,0.0,0.0,5.0
1706,El Dorado,26.0,26.0,27.0,26.0,201.0
1708,Stanislaus,0.0,0.0,0.0,0.0,1.0
1709,Stanislaus,25.0,24.0,24.0,23.0,37.0
1710,Alameda,23.0,22.0,25.0,22.0,18.0
1711,Alameda,19.0,19.0,19.0,19.0,74.0
1713,Alameda,0.0,0.0,0.0,0.0,6.0
1714,Alameda,26.0,26.0,21.0,23.0,30.0
1715,Alameda,26.0,25.0,25.0,24.0,131.0
1716,Alameda,17.0,15.0,19.0,18.0,53.0
1717,Placer,26.0,25.0,25.0,25.0,74.0
1719,San Diego,0.0,0.0,0.0,0.0,2.0
1720,Orange,0.0,0.0,0.0,0.0,9.0
1721,Santa Cruz,0.0,0.0,0.0,0.0,4.0
1722,Orange,23.0,23.0,22.0,24.0,19.0
1723,San Mateo,0.0,0.0,0.0,0.0,13.0
1724,San Diego,21.0,19.0,20.0,20.0,76.0
1725,San Francisco,17.0,16.0,17.0,18.0,38.0
1726,Orange,29.0,29.0,25.0,26.0,190.0
1729,Santa Barbara,0.0,0.0,0.0,0.0,1.0
1731,San Diego,23.0,22.0,22.0,22.0,98.0
1732,San Bernardino,19.0,17.0,19.0,18.0,81.0
1735,Orange,0.0,0.0,0.0,0.0,3.0
1736,Los Angeles,0.0,0.0,0.0,0.0,4.0
1737,Los Angeles,0.0,0.0,0.0,0.0,1.0
1740,Los Angeles,0.0,0.0,0.0,0.0,3.0
1741,Los Angeles,0.0,0.0,0.0,0.0,1.0
1746,Fresno,16.0,15.0,16.0,16.0,33.0
1747,San Diego,19.0,18.0,18.0,19.0,101.0
1748,Orange,0.0,0.0,0.0,0.0,7.0
1751,Santa Barbara,25.0,26.0,25.0,25.0,49.0
1752,Stanislaus,23.0,22.0,23.0,22.0,18.0
1753,Glenn,23.0,21.0,19.0,21.0,37.0
1754,Tulare,17.0,15.0,17.0,17.0,85.0
1755,Butte,21.0,19.0,20.0,21.0,19.0
1756,Los Angeles,18.0,17.0,18.0,19.0,69.0
1757,Los Angeles,0.0,0.0,0.0,0.0,12.0
1758,San Diego,22.0,21.0,21.0,20.0,67.0
1759,Orange,0.0,0.0,0.0,0.0,1.0
1760,Orange,31.0,32.0,30.0,30.0,56.0
1761,Ventura,21.0,22.0,22.0,21.0,31.0
1762,Merced,20.0,20.0,19.0,19.0,39.0
1765,Santa Cruz,0.0,0.0,0.0,0.0,2.0
1766,Santa Cruz,29.0,29.0,27.0,27.0,48.0
1767,Monterey,26.0,27.0,26.0,26.0,31.0
1768,San Bernardino,16.0,16.0,16.0,17.0,77.0
1769,San Joaquin,0.0,0.0,0.0,0.0,13.0
1770,San Diego,0.0,0.0,0.0,0.0,5.0
1772,Orange,24.0,24.0,25.0,24.0,36.0
1773,Ventura,22.0,20.0,21.0,21.0,16.0
1774,Santa Cruz,18.0,16.0,17.0,18.0,71.0
1775,Los Angeles,28.0,28.0,26.0,26.0,207.0
1776,Riverside,26.0,24.0,23.0,24.0,84.0
1777,Riverside,19.0,18.0,19.0,19.0,119.0
1778,Los Angeles,21.0,21.0,20.0,21.0,31.0
1779,Los Angeles,19.0,18.0,17.0,18.0,24.0
1780,Santa Clara,28.0,28.0,28.0,28.0,231.0
1781,Riverside,0.0,0.0,0.0,0.0,7.0
1782,Riverside,21.0,19.0,20.0,20.0,73.0
1783,Los Angeles,0.0,0.0,0.0,0.0,11.0
1784,Los Angeles,26.0,27.0,26.0,25.0,208.0
1785,Los Angeles,28.0,28.0,27.0,27.0,217.0
1786,Los Angeles,0.0,0.0,0.0,0.0,10.0
1787,Butte,0.0,0.0,0.0,0.0,1.0
1788,Butte,23.0,21.0,24.0,23.0,22.0
1789,Los Angeles,21.0,21.0,21.0,22.0,61.0
1790,Orange,0.0,0.0,0.0,0.0,4.0
1791,Fresno,18.0,16.0,18.0,18.0,33.0
1792,Los Angeles,22.0,20.0,20.0,20.0,47.0
1793,Sacramento,0.0,0.0,0.0,0.0,1.0
1794,San Luis Obispo,23.0,22.0,22.0,22.0,89.0
1797,Sonoma,0.0,0.0,0.0,0.0,1.0
1798,Riverside,22.0,20.0,21.0,20.0,37.0
1799,Stanislaus,24.0,22.0,21.0,21.0,15.0
1800,Los Angeles,16.0,14.0,16.0,15.0,20.0
1801,Riverside,17.0,16.0,17.0,17.0,152.0
1802,San Mateo,0.0,0.0,0.0,0.0,2.0
1803,Sonoma,25.0,24.0,23.0,24.0,78.0
1804,Stanislaus,0.0,0.0,0.0,0.0,14.0
1805,Fresno,0.0,0.0,0.0,0.0,4.0
1806,Los Angeles,19.0,17.0,18.0,18.0,89.0
1807,Shasta,0.0,0.0,0.0,0.0,1.0
1808,Placer,0.0,0.0,0.0,0.0,1.0
1809,Alameda,30.0,32.0,29.0,29.0,111.0
1810,Santa Clara,26.0,26.0,27.0,26.0,48.0
1811,Colusa,19.0,17.0,19.0,19.0,16.0
1812,Sonoma,22.0,20.0,20.0,21.0,47.0
1814,Contra Costa,21.0,21.0,21.0,21.0,33.0
1815,Los Angeles,18.0,17.0,20.0,18.0,88.0
1816,Santa Clara,27.0,26.0,25.0,25.0,92.0
1817,Yolo,20.0,19.0,20.0,21.0,80.0
1818,Santa Barbara,20.0,19.0,21.0,19.0,92.0
1819,Contra Costa,19.0,19.0,19.0,19.0,155.0
1823,Riverside,0.0,0.0,0.0,0.0,1.0
1824,Sonoma,0.0,0.0,0.0,0.0,1.0
1825,Placer,24.0,22.0,23.0,23.0,64.0
1826,Sacramento,26.0,25.0,27.0,25.0,162.0
1827,Butte,23.0,23.0,24.0,23.0,84.0
1828,Plumas,0.0,0.0,0.0,0.0,2.0
1829,Mendocino,0.0,0.0,0.0,0.0,3.0
1830,San Diego,26.0,25.0,24.0,25.0,157.0
1832,Riverside,23.0,21.0,22.0,21.0,42.0
1833,Los Angeles,25.0,24.0,24.0,24.0,137.0
1834,Los Angeles,18.0,18.0,18.0,18.0,58.0
1835,El Dorado,25.0,24.0,25.0,25.0,105.0
1836,Los Angeles,22.0,21.0,22.0,21.0,38.0
1837,Tulare,19.0,18.0,19.0,19.0,88.0
1838,Plumas,0.0,0.0,0.0,0.0,2.0
1840,San Diego,24.0,23.0,24.0,23.0,195.0
1841,San Diego,21.0,20.0,20.0,20.0,100.0
1844,Santa Clara,26.0,26.0,25.0,26.0,65.0
1845,Contra Costa,0.0,0.0,0.0,0.0,1.0
1847,Solano,0.0,0.0,0.0,0.0,3.0
1849,Los Angeles,0.0,0.0,0.0,0.0,13.0
1850,Los Angeles,16.0,16.0,17.0,17.0,52.0
1851,Los Angeles,17.0,16.0,18.0,18.0,83.0
1852,Los Angeles,15.0,15.0,17.0,17.0,68.0
1853,Los Angeles,18.0,17.0,18.0,17.0,93.0
1854,Los Angeles,16.0,15.0,17.0,16.0,22.0
1855,Los Angeles,16.0,15.0,17.0,17.0,89.0
1857,Los Angeles,26.0,25.0,23.0,24.0,68.0
1858,Plumas,0.0,0.0,0.0,0.0,2.0
1859,Los Angeles,21.0,21.0,19.0,20.0,48.0
1860,San Diego,23.0,22.0,23.0,23.0,80.0
1861,Riverside,20.0,18.0,19.0,19.0,127.0
1862,Orange,0.0,0.0,0.0,0.0,12.0
1863,San Diego,25.0,25.0,26.0,25.0,189.0
1864,San Diego,23.0,22.0,23.0,22.0,63.0
1865,Ventura,25.0,25.0,23.0,24.0,30.0
1866,Sonoma,20.0,18.0,20.0,20.0,38.0
1867,San Bernardino,23.0,22.0,22.0,22.0,77.0
1868,Los Angeles,0.0,0.0,0.0,0.0,1.0
1869,Los Angeles,16.0,15.0,17.0,17.0,43.0
1871,Riverside,22.0,20.0,19.0,20.0,36.0
1872,Riverside,20.0,19.0,19.0,19.0,37.0
1874,Tehama,20.0,19.0,20.0,20.0,151.0
1875,San Bernardino,23.0,22.0,23.0,22.0,92.0
1876,San Bernardino,28.0,27.0,28.0,27.0,46.0
1877,Los Angeles,24.0,24.0,23.0,24.0,267.0
1879,Marin,28.0,28.0,27.0,27.0,176.0
1880,Tulare,23.0,23.0,22.0,23.0,74.0
1881,Fresno,20.0,18.0,18.0,19.0,105.0
1882,Fresno,17.0,16.0,18.0,17.0,31.0
1883,Los Angeles,23.0,24.0,20.0,21.0,40.0
1884,Los Angeles,0.0,0.0,0.0,0.0,1.0
1885,Los Angeles,20.0,20.0,20.0,21.0,18.0
1886,San Bernardino,19.0,18.0,20.0,20.0,93.0
1887,Orange,0.0,0.0,0.0,0.0,1.0
1888,Contra Costa,18.0,16.0,17.0,17.0,70.0
1889,Kern,19.0,17.0,18.0,19.0,54.0
1890,San Bernardino,25.0,24.0,22.0,24.0,26.0
1891,Sacramento,25.0,26.0,25.0,24.0,84.0
1892,Sacramento,20.0,19.0,20.0,20.0,28.0
1893,Ventura,22.0,22.0,22.0,22.0,37.0
1894,San Joaquin,0.0,0.0,0.0,0.0,5.0
1895,Sacramento,19.0,19.0,18.0,19.0,22.0
1896,San Joaquin,25.0,23.0,23.0,23.0,37.0
1897,Yolo,21.0,19.0,20.0,20.0,54.0
1898,Ventura,0.0,0.0,0.0,0.0,2.0
1899,Riverside,0.0,0.0,0.0,0.0,10.0
1900,San Diego,28.0,26.0,26.0,27.0,15.0
1901,Sutter,23.0,22.0,22.0,23.0,59.0
1902,Stanislaus,0.0,0.0,0.0,0.0,2.0
1903,Riverside,0.0,0.0,0.0,0.0,1.0
1904,Fresno,16.0,15.0,18.0,18.0,50.0
1906,San Bernardino,18.0,18.0,17.0,19.0,17.0
1907,Riverside,29.0,28.0,25.0,25.0,22.0
1908,Riverside,0.0,0.0,0.0,0.0,3.0
1909,Kern,20.0,18.0,20.0,20.0,54.0
1910,Los Angeles,0.0,0.0,0.0,0.0,14.0
1911,Placer,25.0,25.0,25.0,24.0,164.0
1912,Placer,0.0,0.0,0.0,0.0,3.0
1913,San Joaquin,19.0,18.0,20.0,19.0,62.0
1915,Fresno,16.0,14.0,16.0,17.0,18.0
1916,Kern,0.0,0.0,0.0,0.0,6.0
1917,Sonoma,17.0,16.0,18.0,18.0,89.0
1918,Los Angeles,26.0,25.0,25.0,24.0,51.0
1919,Sacramento,21.0,19.0,20.0,20.0,32.0
1920,Placer,23.0,22.0,22.0,22.0,110.0
1922,Ventura,25.0,25.0,24.0,25.0,55.0
1923,San Bernardino,25.0,26.0,25.0,25.0,133.0
1924,Riverside,17.0,17.0,17.0,18.0,74.0
1925,San Francisco,0.0,0.0,0.0,0.0,1.0
1926,San Francisco,13.0,12.0,16.0,15.0,43.0
1927,Sacramento,17.0,16.0,17.0,17.0,144.0
1928,Orange,18.0,16.0,19.0,18.0,109.0
1929,San Diego,27.0,28.0,27.0,26.0,103.0
1930,Napa,25.0,26.0,22.0,23.0,28.0
1931,Monterey,22.0,21.0,21.0,21.0,137.0
1932,Orange,21.0,21.0,20.0,20.0,26.0
1933,San Benito,21.0,20.0,21.0,21.0,118.0
1934,San Bernardino,20.0,18.0,19.0,19.0,71.0
1935,Orange,26.0,26.0,25.0,25.0,310.0
1936,San Diego,0.0,0.0,0.0,0.0,6.0
1937,San Diego,25.0,24.0,23.0,24.0,99.0
1938,San Diego,0.0,0.0,0.0,0.0,4.0
1939,San Diego,21.0,20.0,19.0,20.0,19.0
1940,San Diego,0.0,0.0,0.0,0.0,13.0
1941,San Diego,0.0,0.0,0.0,0.0,5.0
1942,San Diego,0.0,0.0,0.0,0.0,1.0
1943,San Diego,27.0,27.0,26.0,25.0,217.0
1944,Los Angeles,24.0,23.0,24.0,23.0,42.0
1945,Los Angeles,18.0,17.0,18.0,18.0,75.0
1946,Los Angeles,21.0,20.0,21.0,21.0,54.0
1947,San Bernardino,19.0,19.0,19.0,20.0,24.0
1948,Riverside,19.0,19.0,18.0,18.0,30.0
1949,Riverside,0.0,0.0,0.0,0.0,4.0
1951,Santa Clara,0.0,0.0,0.0,0.0,5.0
1952,Sacramento,0.0,0.0,0.0,0.0,3.0
1953,Sacramento,19.0,17.0,18.0,18.0,32.0
1954,Orange,26.0,26.0,25.0,25.0,199.0
1955,Alameda,22.0,21.0,21.0,22.0,78.0
1956,Alameda,20.0,19.0,20.0,19.0,48.0
1957,Santa Cruz,26.0,26.0,23.0,25.0,20.0
1958,San Luis Obispo,0.0,0.0,0.0,0.0,1.0
1959,San Luis Obispo,26.0,25.0,25.0,24.0,139.0
1960,San Diego,25.0,24.0,23.0,24.0,244.0
1961,Santa Barbara,25.0,25.0,24.0,25.0,106.0
1962,Marin,26.0,25.0,25.0,24.0,107.0
1963,Los Angeles,28.0,29.0,29.0,27.0,95.0
1964,San Mateo,28.0,28.0,27.0,27.0,73.0
1965,San Diego,0.0,0.0,0.0,0.0,3.0
1966,San Diego,22.0,20.0,21.0,21.0,98.0
1967,Imperial,0.0,0.0,0.0,0.0,6.0
1968,Los Angeles,21.0,20.0,20.0,20.0,49.0
1969,Marin,24.0,23.0,23.0,22.0,84.0
1970,Contra Costa,27.0,27.0,26.0,26.0,282.0
1971,San Diego,18.0,17.0,19.0,18.0,139.0
1972,Fresno,21.0,19.0,20.0,20.0,61.0
1973,Orange,17.0,16.0,18.0,18.0,85.0
1974,Santa Barbara,25.0,24.0,23.0,23.0,126.0
1975,Santa Clara,26.0,26.0,26.0,25.0,53.0
1976,Los Angeles,0.0,0.0,0.0,0.0,11.0
1978,Santa Cruz,26.0,25.0,26.0,25.0,50.0
1979,Los Angeles,21.0,20.0,20.0,20.0,114.0
1980,Santa Barbara,18.0,17.0,19.0,19.0,93.0
1981,Los Angeles,27.0,26.0,25.0,25.0,244.0
1982,Ventura,20.0,18.0,19.0,20.0,126.0
1983,Riverside,24.0,24.0,23.0,23.0,18.0
1984,Sonoma,27.0,25.0,25.0,24.0,87.0
1985,Ventura,28.0,27.0,25.0,26.0,26.0
1986,Santa Clara,26.0,26.0,25.0,25.0,67.0
1987,Santa Barbara,26.0,24.0,22.0,22.0,50.0
1988,San Diego,21.0,21.0,23.0,21.0,47.0
1989,Los Angeles,18.0,16.0,17.0,17.0,24.0
1990,Orange,18.0,18.0,20.0,20.0,29.0
1991,Riverside,23.0,22.0,22.0,22.0,179.0
1992,Santa Clara,31.0,32.0,31.0,30.0,121.0
1993,Los Angeles,25.0,23.0,24.0,23.0,121.0
1994,Sacramento,0.0,0.0,0.0,0.0,1.0
1997,Orange,20.0,20.0,19.0,19.0,42.0
1998,Los Angeles,0.0,0.0,0.0,0.0,1.0
2000,San Diego,0.0,0.0,0.0,0.0,3.0
2001,Los Angeles,0.0,0.0,0.0,0.0,6.0
2002,Los Angeles,0.0,0.0,0.0,0.0,8.0
2003,Los Angeles,0.0,0.0,0.0,0.0,10.0
2004,Sacramento,0.0,0.0,0.0,0.0,2.0
2007,Los Angeles,20.0,21.0,21.0,21.0,40.0
2008,Los Angeles,19.0,18.0,19.0,18.0,46.0
2009,Santa Cruz,27.0,26.0,25.0,25.0,60.0
2010,San Diego,28.0,28.0,27.0,27.0,203.0
2011,Monterey,21.0,19.0,20.0,20.0,34.0
2012,Orange,17.0,16.0,18.0,17.0,480.0
2013,Fresno,0.0,0.0,0.0,0.0,12.0
2015,San Mateo,24.0,23.0,23.0,23.0,122.0
2016,San Diego,23.0,23.0,23.0,23.0,35.0
2017,San Bernardino,22.0,21.0,23.0,22.0,56.0
2018,Riverside,18.0,17.0,17.0,18.0,34.0
2019,San Bernardino,0.0,0.0,0.0,0.0,1.0
2020,Kern,21.0,19.0,20.0,20.0,44.0
2021,San Luis Obispo,0.0,0.0,0.0,0.0,2.0
2022,Shasta,0.0,0.0,0.0,0.0,6.0
2024,Shasta,27.0,26.0,25.0,25.0,46.0
2025,Sacramento,23.0,21.0,22.0,22.0,82.0
2026,Los Angeles,25.0,25.0,23.0,24.0,47.0
2027,Madera,0.0,0.0,0.0,0.0,2.0
2030,Nevada,0.0,0.0,0.0,0.0,1.0
2032,San Joaquin,24.0,23.0,22.0,22.0,35.0
2033,Fresno,0.0,0.0,0.0,0.0,14.0
2034,Kings,0.0,0.0,0.0,0.0,10.0
2036,Los Angeles,19.0,18.0,19.0,19.0,108.0
2038,Santa Clara,25.0,25.0,26.0,25.0,50.0
2039,Alameda,0.0,0.0,0.0,0.0,11.0
2040,San Bernardino,0.0,0.0,0.0,0.0,2.0
2041,San Bernardino,19.0,18.0,17.0,19.0,71.0
2042,Ventura,23.0,24.0,23.0,23.0,75.0
2043,Marin,28.0,28.0,25.0,25.0,84.0
2045,San Bernardino,0.0,0.0,0.0,0.0,1.0
2046,Alameda,22.0,21.0,20.0,20.0,66.0
2047,Santa Cruz,0.0,0.0,0.0,0.0,1.0
2048,Los Angeles,23.0,22.0,22.0,21.0,34.0
2049,Los Angeles,0.0,0.0,0.0,0.0,8.0
2050,Monterey,18.0,16.0,17.0,18.0,69.0
2052,Sonoma,25.0,24.0,23.0,23.0,47.0
2053,Tuolumne,0.0,0.0,0.0,0.0,11.0
2054,Orange,24.0,23.0,23.0,23.0,68.0
2055,Santa Cruz,25.0,23.0,22.0,22.0,81.0
2056,Los Angeles,19.0,18.0,17.0,18.0,152.0
2057,Los Angeles,19.0,19.0,19.0,20.0,57.0
2058,Humboldt,0.0,0.0,0.0,0.0,9.0
2059,Los Angeles,18.0,17.0,17.0,18.0,224.0
2060,Kern,18.0,18.0,20.0,19.0,31.0
2061,Los Angeles,25.0,25.0,26.0,25.0,139.0
2062,Los Angeles,23.0,23.0,22.0,23.0,17.0
2063,Los Angeles,28.0,27.0,27.0,27.0,93.0
2064,San Mateo,22.0,23.0,25.0,23.0,20.0
2065,Sutter,0.0,0.0,0.0,0.0,6.0
2066,El Dorado,23.0,22.0,22.0,22.0,54.0
2067,Imperial,18.0,17.0,19.0,19.0,116.0
2068,San Diego,18.0,17.0,18.0,19.0,73.0
2069,San Joaquin,19.0,18.0,19.0,19.0,18.0
2070,State of California,22.0,22.0,22.0,22.0,82668.0
2071,San Diego,24.0,23.0,23.0,24.0,125.0
2073,Los Angeles,19.0,19.0,18.0,19.0,44.0
2074,Kern,25.0,25.0,24.0,23.0,99.0
2075,San Joaquin,0.0,0.0,0.0,0.0,2.0
2076,San Joaquin,23.0,21.0,21.0,20.0,72.0
2078,Tulare,0.0,0.0,0.0,0.0,11.0
2079,Alameda,0.0,0.0,0.0,0.0,5.0
2081,San Bernardino,21.0,19.0,21.0,21.0,21.0
2082,Tuolumne,0.0,0.0,0.0,0.0,12.0
2083,Tulare,0.0,0.0,0.0,0.0,5.0
2084,San Bernardino,17.0,15.0,17.0,17.0,512.0
2085,San Bernardino,0.0,0.0,0.0,0.0,1.0
2086,San Mateo,21.0,21.0,20.0,22.0,43.0
2087,Santa Clara,20.0,20.0,20.0,20.0,38.0
2088,San Mateo,23.0,22.0,21.0,22.0,49.0
2089,Santa Clara,22.0,22.0,21.0,22.0,31.0
2091,Los Angeles,0.0,0.0,0.0,0.0,1.0
2092,Los Angeles,18.0,17.0,19.0,19.0,29.0
2093,Orange,26.0,27.0,27.0,26.0,119.0
2094,Fresno,18.0,17.0,17.0,18.0,120.0
2095,San Diego,0.0,0.0,0.0,0.0,5.0
2096,Riverside,0.0,0.0,0.0,0.0,2.0
2097,Los Angeles,16.0,15.0,16.0,15.0,48.0
2098,Sutter,25.0,22.0,24.0,23.0,22.0
2101,San Diego,20.0,19.0,19.0,20.0,96.0
2103,Los Angeles,0.0,0.0,0.0,0.0,11.0
2104,Los Angeles,20.0,18.0,19.0,19.0,45.0
2105,Los Angeles,19.0,19.0,20.0,19.0,15.0
2106,Los Angeles,24.0,23.0,22.0,23.0,80.0
2108,Kern,21.0,18.0,19.0,19.0,35.0
2109,Placer,26.0,26.0,25.0,25.0,45.0
2110,Riverside,19.0,17.0,18.0,19.0,28.0
2111,Marin,29.0,29.0,26.0,27.0,145.0
2112,Marin,0.0,0.0,0.0,0.0,7.0
2113,San Bernardino,0.0,0.0,0.0,0.0,1.0
2114,Los Angeles,0.0,0.0,0.0,0.0,14.0
2115,Sonoma,27.0,27.0,26.0,25.0,24.0
2116,Kern,0.0,0.0,0.0,0.0,14.0
2118,Riverside,26.0,25.0,22.0,23.0,20.0
2119,Riverside,23.0,22.0,22.0,23.0,215.0
2120,Riverside,21.0,20.0,20.0,20.0,63.0
2121,Los Angeles,27.0,27.0,27.0,26.0,90.0
2122,San Luis Obispo,24.0,24.0,22.0,23.0,69.0
2124,Alameda,0.0,0.0,0.0,0.0,13.0
2125,Marin,25.0,24.0,23.0,23.0,56.0
2126,San Mateo,27.0,26.0,25.0,26.0,23.0
2127,Orange,26.0,26.0,25.0,25.0,259.0
2129,Ventura,0.0,0.0,0.0,0.0,4.0
2130,Sacramento,0.0,0.0,0.0,0.0,6.0
2131,San Diego,19.0,18.0,19.0,20.0,97.0
2133,Los Angeles,16.0,15.0,16.0,16.0,68.0
2134,Los Angeles,0.0,0.0,0.0,0.0,11.0
2135,Stanislaus,21.0,20.0,21.0,21.0,69.0
2136,Los Angeles,15.0,14.0,16.0,16.0,50.0
2138,Ventura,27.0,26.0,26.0,26.0,119.0
2140,San Joaquin,21.0,20.0,22.0,22.0,92.0
2141,Marin,0.0,0.0,0.0,0.0,4.0
2142,Los Angeles,24.0,23.0,23.0,23.0,105.0
2143,San Diego,28.0,28.0,28.0,28.0,355.0
2144,Orange,26.0,26.0,26.0,25.0,152.0
2145,San Joaquin,24.0,24.0,23.0,23.0,60.0
2146,Fresno,15.0,14.0,15.0,15.0,19.0
2147,Trinity,24.0,24.0,23.0,23.0,15.0
2148,Santa Barbara,0.0,0.0,0.0,0.0,3.0
2150,Orange,30.0,30.0,30.0,29.0,178.0
2151,Tulare,21.0,19.0,21.0,20.0,66.0
2152,Tulare,20.0,18.0,18.0,19.0,93.0
2153,Modoc,18.0,15.0,17.0,18.0,15.0
2154,Stanislaus,24.0,22.0,22.0,22.0,53.0
2156,Orange,21.0,18.0,20.0,20.0,164.0
2157,San Diego,0.0,0.0,0.0,0.0,1.0
2158,San Bernardino,0.0,0.0,0.0,0.0,5.0
2159,Los Angeles,18.0,16.0,18.0,18.0,21.0
2160,Mendocino,25.0,23.0,23.0,22.0,22.0
2161,Mendocino,0.0,0.0,0.0,0.0,1.0
2162,Los Angeles,21.0,21.0,21.0,21.0,41.0
2163,El Dorado,24.0,23.0,22.0,22.0,48.0
2164,San Diego,27.0,27.0,26.0,26.0,115.0
2165,Fresno,28.0,28.0,25.0,26.0,86.0
2166,Orange,29.0,29.0,29.0,28.0,233.0
2167,Los Angeles,21.0,21.0,20.0,20.0,58.0
2169,Shasta,28.0,27.0,27.0,27.0,24.0
2170,San Bernardino,22.0,22.0,22.0,21.0,43.0
2171,Santa Clara,27.0,28.0,27.0,27.0,33.0
2172,Tulare,0.0,0.0,0.0,0.0,13.0
2173,Los Angeles,18.0,16.0,18.0,18.0,34.0
2174,San Bernardino,21.0,21.0,21.0,21.0,62.0
2179,Lake,18.0,16.0,17.0,17.0,18.0
2181,Solano,22.0,22.0,22.0,22.0,58.0
2183,Los Angeles,25.0,25.0,25.0,24.0,163.0
2184,Orange,23.0,22.0,24.0,23.0,173.0
2185,San Diego,25.0,24.0,24.0,24.0,85.0
2188,Santa Barbara,0.0,0.0,0.0,0.0,1.0
2189,Solano,0.0,0.0,0.0,0.0,12.0
2190,Los Angeles,21.0,20.0,19.0,20.0,30.0
2191,San Diego,22.0,21.0,21.0,22.0,50.0
2194,Sacramento,19.0,18.0,19.0,20.0,70.0
2195,Orange,18.0,17.0,18.0,18.0,66.0
2196,Los Angeles,26.0,22.0,20.0,22.0,20.0
2198,Sonoma,0.0,0.0,0.0,0.0,1.0
2199,Riverside,22.0,21.0,21.0,21.0,36.0
2200,Los Angeles,15.0,15.0,17.0,17.0,82.0
2201,Los Angeles,26.0,26.0,25.0,25.0,97.0
2202,Solano,25.0,23.0,23.0,24.0,40.0
2203,Los Angeles,0.0,0.0,0.0,0.0,8.0
2204,Los Angeles,18.0,17.0,17.0,18.0,35.0
2205,Los Angeles,23.0,22.0,22.0,22.0,96.0
2206,Ventura,24.0,22.0,22.0,22.0,88.0
2207,Contra Costa,0.0,0.0,0.0,0.0,5.0
2208,San Joaquin,18.0,17.0,17.0,18.0,22.0
2209,Los Angeles,0.0,0.0,0.0,0.0,4.0
2210,Los Angeles,0.0,0.0,0.0,0.0,14.0
2211,San Bernardino,18.0,17.0,19.0,18.0,39.0
2212,Los Angeles,0.0,0.0,0.0,0.0,4.0
2213,Orange,25.0,26.0,25.0,25.0,85.0
2214,Los Angeles,0.0,0.0,0.0,0.0,6.0
2215,Alameda,0.0,0.0,0.0,0.0,3.0
2216,Napa,22.0,20.0,21.0,21.0,59.0
2217,Tulare,0.0,0.0,0.0,0.0,3.0
2218,Tulare,0.0,0.0,0.0,0.0,3.0
2219,Sacramento,0.0,0.0,0.0,0.0,13.0
2221,Sacramento,26.0,27.0,26.0,26.0,107.0
2222,Riverside,18.0,17.0,18.0,18.0,121.0
2223,San Diego,23.0,21.0,21.0,22.0,60.0
2224,Contra Costa,0.0,0.0,0.0,0.0,2.0
2225,Riverside,24.0,22.0,23.0,22.0,165.0
2227,Contra Costa,0.0,0.0,0.0,0.0,5.0
2230,Los Angeles,0.0,0.0,0.0,0.0,5.0
2232,San Francisco,23.0,23.0,22.0,23.0,33.0
2233,Los Angeles,0.0,0.0,0.0,0.0,7.0
2234,Los Angeles,27.0,27.0,28.0,27.0,128.0
2235,Sacramento,0.0,0.0,0.0,0.0,2.0
2236,Los Angeles,23.0,23.0,23.0,22.0,48.0
2237,Kern,19.0,18.0,20.0,20.0,71.0
2238,San Francisco,21.0,21.0,22.0,22.0,94.0
2240,Fresno,16.0,15.0,16.0,16.0,121.0
2241,Alameda,28.0,28.0,28.0,27.0,65.0
2242,Stanislaus,0.0,0.0,0.0,0.0,2.0
2243,Santa Cruz,17.0,16.0,18.0,18.0,110.0
2244,San Joaquin,0.0,0.0,0.0,0.0,5.0
2245,Siskiyou,0.0,0.0,0.0,0.0,8.0
2246,Los Angeles,18.0,17.0,18.0,18.0,35.0
2247,Los Angeles,0.0,0.0,0.0,0.0,13.0
2248,Sacramento,25.0,24.0,23.0,23.0,46.0
2249,Los Angeles,24.0,24.0,24.0,23.0,25.0
2250,Kern,20.0,18.0,20.0,20.0,51.0
2251,Los Angeles,25.0,26.0,25.0,25.0,123.0
2252,San Diego,25.0,24.0,23.0,23.0,49.0
2255,Los Angeles,27.0,27.0,26.0,26.0,182.0
2256,Riverside,0.0,0.0,0.0,0.0,4.0
2257,Shasta,24.0,21.0,21.0,23.0,23.0
2258,Riverside,19.0,18.0,18.0,19.0,72.0
2259,Riverside,26.0,25.0,23.0,24.0,21.0
2260,Orange,19.0,18.0,20.0,20.0,54.0
2261,Placer,26.0,24.0,21.0,24.0,32.0
2262,Ventura,27.0,28.0,26.0,26.0,146.0
2263,Orange,22.0,21.0,23.0,22.0,48.0
2264,Santa Clara,28.0,28.0,25.0,26.0,71.0
2265,San Mateo,24.0,25.0,25.0,24.0,28.0
2266,San Joaquin,0.0,0.0,0.0,0.0,11.0
2267,San Diego,28.0,29.0,28.0,27.0,212.0
2268,Yuba,23.0,21.0,21.0,22.0,18.0
2269,Los Angeles,0.0,0.0,0.0,0.0,1.0
2270,Stanislaus,0.0,0.0,0.0,0.0,2.0
2271,Los Angeles,31.0,31.0,30.0,29.0,55.0
2272,Placer,26.0,25.0,25.0,25.0,112.0
2273,Los Angeles,18.0,18.0,19.0,18.0,60.0
2274,Solano,24.0,23.0,24.0,23.0,30.0
2275,Nevada,0.0,0.0,0.0,0.0,6.0
2276,Santa Clara,17.0,16.0,18.0,18.0,106.0
2277,Los Angeles,20.0,18.0,19.0,19.0,52.0
2278,Los Angeles,26.0,25.0,24.0,24.0,110.0
2279,Los Angeles,0.0,0.0,0.0,0.0,14.0
2280,Colusa,0.0,0.0,0.0,0.0,5.0
2281,Mendocino,0.0,0.0,0.0,0.0,7.0
2282,Santa Clara,26.0,25.0,24.0,25.0,55.0
2283,Glenn,0.0,0.0,0.0,0.0,5.0
2284,San Bernardino,18.0,18.0,18.0,18.0,34.0
2286,Los Angeles,24.0,23.0,22.0,22.0,75.0
2287,Sonoma,23.0,22.0,21.0,22.0,116.0
2288,Yolo,0.0,0.0,0.0,0.0,6.0
2289,Kern,18.0,18.0,18.0,18.0,126.0
2290,Orange,27.0,27.0,27.0,26.0,174.0
2291,Placer,25.0,24.0,24.0,25.0,132.0
2292,Tulare,18.0,18.0,19.0,18.0,30.0
2293,Yolo,19.0,18.0,18.0,19.0,59.0
2294,Los Angeles,18.0,17.0,17.0,18.0,68.0
2295,San Mateo,24.0,23.0,23.0,23.0,106.0
2296,Santa Clara,0.0,0.0,0.0,0.0,13.0
2297,Contra Costa,23.0,21.0,22.0,22.0,18.0
2298,Orange,25.0,24.0,25.0,24.0,104.0
2299,Madera,22.0,21.0,22.0,22.0,33.0
2302,Siskiyou,23.0,20.0,21.0,21.0,38.0
2303,Sutter,23.0,21.0,22.0,22.0,56.0
2304,Sutter,0.0,0.0,0.0,0.0,1.0
2306,San Bernardino,24.0,22.0,22.0,22.0,61.0
2307,San Bernardino,0.0,0.0,0.0,0.0,11.0
